Fri Aug  9 05:36:49 2013,ArduinoHelmet1,0,25.9,0.00
Fri Aug  9 05:36:49 2013,ArduinoHelmet1,0,25.9,0.00
Fri Aug  9 05:36:51 2013,ArduinoHelmet1,1,25.9,0.00
Fri Aug  9 05:36:51 2013,ArduinoHelmet1,1,25.9,0.00
Fri Aug  9 05:36:53 2013,ArduinoHelmet1,2,26.1,0.00
Fri Aug  9 05:36:53 2013,ArduinoHelmet1,2,26.1,0.00
Fri Aug  9 05:36:54 2013,ArduinoHelmet1,3,26.1,0.00
Fri Aug  9 05:36:54 2013,ArduinoHelmet1,3,26.1,0.00
Fri Aug  9 05:36:56 2013,ArduinoHelmet1,4,25.9,0.00
Fri Aug  9 05:36:56 2013,ArduinoHelmet1,4,25.9,0.00
Fri Aug  9 05:36:57 2013,ArduinoHelmet1,5,25.9,0.00
Fri Aug  9 05:36:57 2013,ArduinoHelmet1,5,25.9,0.00
Fri Aug  9 05:36:59 2013,ArduinoHelmet1,6,25.9,0.00
Fri Aug  9 05:36:59 2013,ArduinoHelmet1,6,25.9,0.00
Fri Aug  9 05:37:01 2013,ArduinoHelmet1,7,25.9,0.00
Fri Aug  9 05:37:01 2013,ArduinoHelmet1,7,25.9,0.00
Fri Aug  9 05:37:02 2013,ArduinoHelmet1,8,25.9,0.00
Fri Aug  9 05:37:02 2013,ArduinoHelmet1,8,25.9,0.00
Fri Aug  9 05:37:04 2013,ArduinoHelmet1,9,26.1,0.00
Fri Aug  9 05:37:04 2013,ArduinoHelmet1,9,26.1,0.00
Fri Aug  9 05:37:05 2013,ArduinoHelmet1,10,25.9,0.00
Fri Aug  9 05:37:05 2013,ArduinoHelmet1,10,25.9,0.00
Fri Aug  9 05:37:07 2013,ArduinoHelmet1,11,25.9,0.00
Fri Aug  9 05:37:07 2013,ArduinoHelmet1,11,25.9,0.00
Fri Aug  9 05:37:09 2013,ArduinoHelmet1,12,25.9,0.00
Fri Aug  9 05:37:09 2013,ArduinoHelmet1,12,25.9,0.00
Fri Aug  9 05:37:10 2013,ArduinoHelmet1,13,25.9,0.00
Fri Aug  9 05:37:10 2013,ArduinoHelmet1,13,25.9,0.00
Fri Aug  9 05:37:12 2013,ArduinoHelmet1,14,26.1,0.00
Fri Aug  9 05:37:12 2013,ArduinoHelmet1,14,26.1,0.00
Fri Aug  9 05:37:13 2013,ArduinoHelmet1,15,25.9,0.00
Fri Aug  9 05:37:13 2013,ArduinoHelmet1,15,25.9,0.00
Fri Aug  9 05:37:15 2013,ArduinoHelmet1,16,25.9,0.00
Fri Aug  9 05:37:15 2013,ArduinoHelmet1,16,25.9,0.00
Fri Aug  9 05:37:17 2013,ArduinoHelmet1,17,25.9,0.00
Fri Aug  9 05:37:17 2013,ArduinoHelmet1,17,25.9,0.00
Fri Aug  9 05:37:18 2013,ArduinoHelmet1,18,25.9,0.00
Fri Aug  9 05:37:18 2013,ArduinoHelmet1,18,25.9,0.00
Fri Aug  9 05:37:20 2013,ArduinoHelmet1,19,25.9,0.00
Fri Aug  9 05:37:20 2013,ArduinoHelmet1,19,25.9,0.00
Fri Aug  9 05:37:21 2013,ArduinoHelmet1,20,25.6,0.00
Fri Aug  9 05:37:21 2013,ArduinoHelmet1,20,25.6,0.00
Fri Aug  9 05:37:23 2013,ArduinoHelmet1,21,25.9,0.00
Fri Aug  9 05:37:23 2013,ArduinoHelmet1,21,25.9,0.00
Fri Aug  9 05:37:25 2013,ArduinoHelmet1,22,25.6,0.00
Fri Aug  9 05:37:25 2013,ArduinoHelmet1,22,25.6,0.00
Fri Aug  9 05:37:26 2013,ArduinoHelmet1,23,25.6,0.00
Fri Aug  9 05:37:26 2013,ArduinoHelmet1,23,25.6,0.00
Fri Aug  9 05:37:28 2013,ArduinoHelmet1,24,25.6,0.00
Fri Aug  9 05:37:28 2013,ArduinoHelmet1,24,25.6,0.00
Fri Aug  9 05:37:29 2013,ArduinoHelmet1,25,25.6,0.00
Fri Aug  9 05:37:29 2013,ArduinoHelmet1,25,25.6,0.00
Fri Aug  9 05:37:31 2013,ArduinoHelmet1,26,25.6,0.01
Fri Aug  9 05:37:31 2013,ArduinoHelmet1,26,25.6,0.01
Fri Aug  9 05:37:33 2013,ArduinoHelmet1,27,25.9,0.00
Fri Aug  9 05:37:33 2013,ArduinoHelmet1,27,25.9,0.00
Fri Aug  9 05:37:34 2013,ArduinoHelmet1,28,25.9,0.00
Fri Aug  9 05:37:34 2013,ArduinoHelmet1,28,25.9,0.00
Fri Aug  9 05:37:36 2013,ArduinoHelmet1,29,25.9,0.00
Fri Aug  9 05:37:36 2013,ArduinoHelmet1,29,25.9,0.00
Fri Aug  9 05:37:37 2013,ArduinoHelmet1,30,25.6,0.00
Fri Aug  9 05:37:37 2013,ArduinoHelmet1,30,25.6,0.00
Fri Aug  9 05:37:39 2013,ArduinoHelmet1,31,25.6,0.00
Fri Aug  9 05:37:39 2013,ArduinoHelmet1,31,25.6,0.00
Fri Aug  9 05:37:41 2013,ArduinoHelmet1,32,25.9,0.00
Fri Aug  9 05:37:41 2013,ArduinoHelmet1,32,25.9,0.00
Fri Aug  9 05:37:42 2013,ArduinoHelmet1,33,25.9,0.00
Fri Aug  9 05:37:42 2013,ArduinoHelmet1,33,25.9,0.00
Fri Aug  9 05:37:44 2013,ArduinoHelmet1,34,25.9,0.00
Fri Aug  9 05:37:44 2013,ArduinoHelmet1,34,25.9,0.00
Fri Aug  9 05:37:45 2013,ArduinoHelmet1,35,25.6,0.00
Fri Aug  9 05:37:45 2013,ArduinoHelmet1,35,25.6,0.00
Fri Aug  9 05:37:47 2013,ArduinoHelmet1,36,25.6,0.00
Fri Aug  9 05:37:47 2013,ArduinoHelmet1,36,25.6,0.00
Fri Aug  9 05:37:49 2013,ArduinoHelmet1,37,25.6,0.00
Fri Aug  9 05:37:49 2013,ArduinoHelmet1,37,25.6,0.00
Fri Aug  9 05:37:50 2013,ArduinoHelmet1,38,25.6,0.00
Fri Aug  9 05:37:50 2013,ArduinoHelmet1,38,25.6,0.00
Fri Aug  9 05:37:52 2013,ArduinoHelmet1,39,25.6,0.00
Fri Aug  9 05:37:52 2013,ArduinoHelmet1,39,25.6,0.00
Fri Aug  9 05:37:53 2013,ArduinoHelmet1,40,25.6,0.00
Fri Aug  9 05:37:53 2013,ArduinoHelmet1,40,25.6,0.00
Fri Aug  9 05:37:55 2013,ArduinoHelmet1,41,25.6,0.00
Fri Aug  9 05:37:55 2013,ArduinoHelmet1,41,25.6,0.00
Fri Aug  9 05:37:57 2013,ArduinoHelmet1,42,25.6,0.00
Fri Aug  9 05:37:57 2013,ArduinoHelmet1,42,25.6,0.00
Fri Aug  9 05:37:58 2013,ArduinoHelmet1,43,25.9,0.00
Fri Aug  9 05:37:58 2013,ArduinoHelmet1,43,25.9,0.00
Fri Aug  9 05:38:00 2013,ArduinoHelmet1,44,25.6,0.00
Fri Aug  9 05:38:00 2013,ArduinoHelmet1,44,25.6,0.00
Fri Aug  9 05:38:01 2013,ArduinoHelmet1,45,25.6,0.00
Fri Aug  9 05:38:01 2013,ArduinoHelmet1,45,25.6,0.00
Fri Aug  9 05:38:03 2013,ArduinoHelmet1,46,25.6,0.00
Fri Aug  9 05:38:03 2013,ArduinoHelmet1,46,25.6,0.00
Fri Aug  9 05:38:05 2013,ArduinoHelmet1,47,25.9,0.00
Fri Aug  9 05:38:05 2013,ArduinoHelmet1,47,25.9,0.00
Fri Aug  9 05:38:06 2013,ArduinoHelmet1,48,25.4,0.00
Fri Aug  9 05:38:06 2013,ArduinoHelmet1,48,25.4,0.00
Fri Aug  9 05:38:08 2013,ArduinoHelmet1,49,25.6,0.00
Fri Aug  9 05:38:08 2013,ArduinoHelmet1,49,25.6,0.00
Fri Aug  9 05:38:09 2013,ArduinoHelmet1,50,25.4,0.00
Fri Aug  9 05:38:09 2013,ArduinoHelmet1,50,25.4,0.00
Fri Aug  9 05:38:11 2013,ArduinoHelmet1,51,25.6,0.00
Fri Aug  9 05:38:11 2013,ArduinoHelmet1,51,25.6,0.00
Fri Aug  9 05:38:13 2013,ArduinoHelmet1,52,25.4,0.00
Fri Aug  9 05:38:13 2013,ArduinoHelmet1,52,25.4,0.00
Fri Aug  9 05:38:14 2013,ArduinoHelmet1,53,25.6,0.00
Fri Aug  9 05:38:14 2013,ArduinoHelmet1,53,25.6,0.00
Fri Aug  9 05:38:16 2013,ArduinoHelmet1,54,25.6,0.00
Fri Aug  9 05:38:16 2013,ArduinoHelmet1,54,25.6,0.00
Fri Aug  9 05:38:17 2013,ArduinoHelmet1,55,25.6,0.00
Fri Aug  9 05:38:17 2013,ArduinoHelmet1,55,25.6,0.00
Fri Aug  9 05:38:19 2013,ArduinoHelmet1,56,25.4,0.00
Fri Aug  9 05:38:19 2013,ArduinoHelmet1,56,25.4,0.00
Fri Aug  9 05:38:21 2013,ArduinoHelmet1,57,25.4,0.00
Fri Aug  9 05:38:21 2013,ArduinoHelmet1,57,25.4,0.00
Fri Aug  9 05:38:22 2013,ArduinoHelmet1,58,25.4,0.00
Fri Aug  9 05:38:22 2013,ArduinoHelmet1,58,25.4,0.00
Fri Aug  9 05:38:24 2013,ArduinoHelmet1,59,25.4,0.00
Fri Aug  9 05:38:24 2013,ArduinoHelmet1,59,25.4,0.00
Fri Aug  9 05:38:25 2013,ArduinoHelmet1,60,25.4,0.00
Fri Aug  9 05:38:25 2013,ArduinoHelmet1,60,25.4,0.00
Fri Aug  9 05:38:27 2013,ArduinoHelmet1,61,25.4,0.00
Fri Aug  9 05:38:27 2013,ArduinoHelmet1,61,25.4,0.00
Fri Aug  9 05:38:29 2013,ArduinoHelmet1,62,25.4,0.00
Fri Aug  9 05:38:29 2013,ArduinoHelmet1,62,25.4,0.00
Fri Aug  9 05:38:30 2013,ArduinoHelmet1,63,25.4,0.00
Fri Aug  9 05:38:30 2013,ArduinoHelmet1,63,25.4,0.00
Fri Aug  9 05:38:32 2013,ArduinoHelmet1,64,25.6,0.00
Fri Aug  9 05:38:32 2013,ArduinoHelmet1,64,25.6,0.00
Fri Aug  9 05:38:33 2013,ArduinoHelmet1,65,25.4,0.00
Fri Aug  9 05:38:33 2013,ArduinoHelmet1,65,25.4,0.00
Fri Aug  9 05:38:35 2013,ArduinoHelmet1,66,25.4,0.00
Fri Aug  9 05:38:35 2013,ArduinoHelmet1,66,25.4,0.00
Fri Aug  9 05:38:37 2013,ArduinoHelmet1,67,25.4,0.00
Fri Aug  9 05:38:37 2013,ArduinoHelmet1,67,25.4,0.00
Fri Aug  9 05:38:38 2013,ArduinoHelmet1,68,25.4,0.00
Fri Aug  9 05:38:38 2013,ArduinoHelmet1,68,25.4,0.00
Fri Aug  9 05:38:40 2013,ArduinoHelmet1,69,25.6,0.00
Fri Aug  9 05:38:40 2013,ArduinoHelmet1,69,25.6,0.00
Fri Aug  9 05:38:41 2013,ArduinoHelmet1,70,25.4,0.00
Fri Aug  9 05:38:41 2013,ArduinoHelmet1,70,25.4,0.00
Fri Aug  9 05:38:43 2013,ArduinoHelmet1,71,25.4,0.00
Fri Aug  9 05:38:43 2013,ArduinoHelmet1,71,25.4,0.00
Fri Aug  9 05:38:45 2013,ArduinoHelmet1,72,25.4,0.00
Fri Aug  9 05:38:45 2013,ArduinoHelmet1,72,25.4,0.00
Fri Aug  9 05:38:46 2013,ArduinoHelmet1,73,25.4,0.00
Fri Aug  9 05:38:46 2013,ArduinoHelmet1,73,25.4,0.00
Fri Aug  9 05:38:48 2013,ArduinoHelmet1,74,25.4,0.00
Fri Aug  9 05:38:48 2013,ArduinoHelmet1,74,25.4,0.00
Fri Aug  9 05:38:49 2013,ArduinoHelmet1,75,25.4,0.01
Fri Aug  9 05:38:49 2013,ArduinoHelmet1,75,25.4,0.01
Fri Aug  9 05:38:51 2013,ArduinoHelmet1,76,25.4,0.00
Fri Aug  9 05:38:51 2013,ArduinoHelmet1,76,25.4,0.00
Fri Aug  9 05:38:53 2013,ArduinoHelmet1,77,25.4,0.00
Fri Aug  9 05:38:53 2013,ArduinoHelmet1,77,25.4,0.00
Fri Aug  9 05:38:54 2013,ArduinoHelmet1,78,25.4,0.00
Fri Aug  9 05:38:54 2013,ArduinoHelmet1,78,25.4,0.00
Fri Aug  9 05:38:56 2013,ArduinoHelmet1,79,25.4,0.00
Fri Aug  9 05:38:56 2013,ArduinoHelmet1,79,25.4,0.00
Fri Aug  9 05:38:57 2013,ArduinoHelmet1,80,25.4,0.00
Fri Aug  9 05:38:57 2013,ArduinoHelmet1,80,25.4,0.00
Fri Aug  9 05:38:59 2013,ArduinoHelmet1,81,25.4,0.01
Fri Aug  9 05:38:59 2013,ArduinoHelmet1,81,25.4,0.01
Fri Aug  9 05:39:01 2013,ArduinoHelmet1,82,25.4,0.00
Fri Aug  9 05:39:01 2013,ArduinoHelmet1,82,25.4,0.00
Fri Aug  9 05:39:02 2013,ArduinoHelmet1,83,25.4,0.00
Fri Aug  9 05:39:02 2013,ArduinoHelmet1,83,25.4,0.00
Fri Aug  9 05:39:04 2013,ArduinoHelmet1,84,25.4,0.00
Fri Aug  9 05:39:04 2013,ArduinoHelmet1,84,25.4,0.00
Fri Aug  9 05:39:05 2013,ArduinoHelmet1,85,25.4,0.00
Fri Aug  9 05:39:05 2013,ArduinoHelmet1,85,25.4,0.00
Fri Aug  9 05:39:07 2013,ArduinoHelmet1,86,25.4,0.00
Fri Aug  9 05:39:07 2013,ArduinoHelmet1,86,25.4,0.00
Fri Aug  9 05:39:09 2013,ArduinoHelmet1,87,25.4,0.00
Fri Aug  9 05:39:09 2013,ArduinoHelmet1,87,25.4,0.00
Fri Aug  9 05:39:10 2013,ArduinoHelmet1,88,25.4,0.00
Fri Aug  9 05:39:10 2013,ArduinoHelmet1,88,25.4,0.00
Fri Aug  9 05:39:12 2013,ArduinoHelmet1,89,25.4,0.00
Fri Aug  9 05:39:12 2013,ArduinoHelmet1,89,25.4,0.00
Fri Aug  9 05:39:13 2013,ArduinoHelmet1,90,25.4,0.00
Fri Aug  9 05:39:13 2013,ArduinoHelmet1,90,25.4,0.00
Fri Aug  9 05:39:15 2013,ArduinoHelmet1,91,25.4,0.00
Fri Aug  9 05:39:15 2013,ArduinoHelmet1,91,25.4,0.00
Fri Aug  9 05:39:17 2013,ArduinoHelmet1,92,25.4,0.00
Fri Aug  9 05:39:17 2013,ArduinoHelmet1,92,25.4,0.00
Fri Aug  9 05:39:18 2013,ArduinoHelmet1,93,25.4,0.00
Fri Aug  9 05:39:18 2013,ArduinoHelmet1,93,25.4,0.00
Fri Aug  9 05:39:20 2013,ArduinoHelmet1,94,25.4,0.01
Fri Aug  9 05:39:20 2013,ArduinoHelmet1,94,25.4,0.01
Fri Aug  9 05:39:21 2013,ArduinoHelmet1,95,25.4,0.00
Fri Aug  9 05:39:21 2013,ArduinoHelmet1,95,25.4,0.00
Fri Aug  9 05:39:23 2013,ArduinoHelmet1,96,25.1,0.00
Fri Aug  9 05:39:23 2013,ArduinoHelmet1,96,25.1,0.00
Fri Aug  9 05:39:25 2013,ArduinoHelmet1,97,25.4,0.00
Fri Aug  9 05:39:25 2013,ArduinoHelmet1,97,25.4,0.00
Fri Aug  9 05:39:26 2013,ArduinoHelmet1,98,25.4,0.00
Fri Aug  9 05:39:26 2013,ArduinoHelmet1,98,25.4,0.00
Fri Aug  9 05:39:28 2013,ArduinoHelmet1,99,25.4,0.00
Fri Aug  9 05:39:28 2013,ArduinoHelmet1,99,25.4,0.00
Fri Aug  9 05:39:29 2013,ArduinoHelmet1,100,25.4,0.00
Fri Aug  9 05:39:29 2013,ArduinoHelmet1,100,25.4,0.00
Fri Aug  9 05:39:31 2013,ArduinoHelmet1,101,25.4,0.00
Fri Aug  9 05:39:31 2013,ArduinoHelmet1,101,25.4,0.00
Fri Aug  9 05:39:33 2013,ArduinoHelmet1,102,25.4,0.01
Fri Aug  9 05:39:33 2013,ArduinoHelmet1,102,25.4,0.01
Fri Aug  9 05:39:34 2013,ArduinoHelmet1,103,25.1,0.00
Fri Aug  9 05:39:34 2013,ArduinoHelmet1,103,25.1,0.00
Fri Aug  9 05:39:36 2013,ArduinoHelmet1,104,25.1,0.04
Fri Aug  9 05:39:36 2013,ArduinoHelmet1,104,25.1,0.04
Fri Aug  9 05:39:37 2013,ArduinoHelmet1,105,25.4,0.05
Fri Aug  9 05:39:37 2013,ArduinoHelmet1,105,25.4,0.05
Fri Aug  9 05:39:39 2013,ArduinoHelmet1,106,25.4,0.04
Fri Aug  9 05:39:39 2013,ArduinoHelmet1,106,25.4,0.04
Fri Aug  9 05:39:41 2013,ArduinoHelmet1,107,25.4,0.05
Fri Aug  9 05:39:41 2013,ArduinoHelmet1,107,25.4,0.05
Fri Aug  9 05:39:42 2013,ArduinoHelmet1,108,25.6,0.05
Fri Aug  9 05:39:42 2013,ArduinoHelmet1,108,25.6,0.05
Fri Aug  9 05:39:44 2013,ArduinoHelmet1,109,25.6,0.05
Fri Aug  9 05:39:44 2013,ArduinoHelmet1,109,25.6,0.05
Fri Aug  9 05:39:45 2013,ArduinoHelmet1,110,25.9,0.05
Fri Aug  9 05:39:45 2013,ArduinoHelmet1,110,25.9,0.05
Fri Aug  9 05:39:47 2013,ArduinoHelmet1,111,25.9,0.05
Fri Aug  9 05:39:47 2013,ArduinoHelmet1,111,25.9,0.05
Fri Aug  9 05:39:49 2013,ArduinoHelmet1,112,26.1,0.05
Fri Aug  9 05:39:49 2013,ArduinoHelmet1,112,26.1,0.05
Fri Aug  9 05:39:50 2013,ArduinoHelmet1,113,26.1,0.05
Fri Aug  9 05:39:50 2013,ArduinoHelmet1,113,26.1,0.05
Fri Aug  9 05:39:52 2013,ArduinoHelmet1,114,26.4,0.06
Fri Aug  9 05:39:52 2013,ArduinoHelmet1,114,26.4,0.06
Fri Aug  9 05:39:53 2013,ArduinoHelmet1,115,41.1,0.05
Fri Aug  9 05:39:53 2013,ArduinoHelmet1,115,41.1,0.05
Fri Aug  9 05:39:55 2013,ArduinoHelmet1,116,32.8,0.05
Fri Aug  9 05:39:55 2013,ArduinoHelmet1,116,32.8,0.05
Fri Aug  9 05:39:57 2013,ArduinoHelmet1,117,29.6,0.05
Fri Aug  9 05:39:57 2013,ArduinoHelmet1,117,29.6,0.05
Fri Aug  9 05:39:58 2013,ArduinoHelmet1,118,27.8,0.05
Fri Aug  9 05:39:58 2013,ArduinoHelmet1,118,27.8,0.05
Fri Aug  9 05:40:00 2013,ArduinoHelmet1,119,27.1,0.05
Fri Aug  9 05:40:00 2013,ArduinoHelmet1,119,27.1,0.05
Fri Aug  9 05:40:01 2013,ArduinoHelmet1,120,27.1,0.05
Fri Aug  9 05:40:01 2013,ArduinoHelmet1,120,27.1,0.05
Fri Aug  9 05:40:03 2013,ArduinoHelmet1,121,26.9,0.05
Fri Aug  9 05:40:03 2013,ArduinoHelmet1,121,26.9,0.05
Fri Aug  9 05:40:05 2013,ArduinoHelmet1,122,38.2,0.06
Fri Aug  9 05:40:05 2013,ArduinoHelmet1,122,38.2,0.06
Fri Aug  9 05:40:06 2013,ArduinoHelmet1,123,39.6,0.05
Fri Aug  9 05:40:06 2013,ArduinoHelmet1,123,39.6,0.05
Fri Aug  9 05:40:08 2013,ArduinoHelmet1,124,32.5,0.05
Fri Aug  9 05:40:08 2013,ArduinoHelmet1,124,32.5,0.05
Fri Aug  9 05:40:09 2013,ArduinoHelmet1,125,29.6,0.05
Fri Aug  9 05:40:09 2013,ArduinoHelmet1,125,29.6,0.05
Fri Aug  9 05:40:11 2013,ArduinoHelmet1,126,28.3,0.05
Fri Aug  9 05:40:11 2013,ArduinoHelmet1,126,28.3,0.05
Fri Aug  9 05:40:13 2013,ArduinoHelmet1,127,28.1,0.05
Fri Aug  9 05:40:13 2013,ArduinoHelmet1,127,28.1,0.05
Fri Aug  9 05:40:14 2013,ArduinoHelmet1,128,27.3,0.05
Fri Aug  9 05:40:14 2013,ArduinoHelmet1,128,27.3,0.05
Fri Aug  9 05:40:16 2013,ArduinoHelmet1,129,27.3,0.05
Fri Aug  9 05:40:16 2013,ArduinoHelmet1,129,27.3,0.05
Fri Aug  9 05:40:17 2013,ArduinoHelmet1,130,27.6,0.05
Fri Aug  9 05:40:17 2013,ArduinoHelmet1,130,27.6,0.05
Fri Aug  9 05:40:19 2013,ArduinoHelmet1,131,27.3,0.06
Fri Aug  9 05:40:19 2013,ArduinoHelmet1,131,27.3,0.06
Fri Aug  9 05:40:21 2013,ArduinoHelmet1,132,39.6,0.06
Fri Aug  9 05:40:21 2013,ArduinoHelmet1,132,39.6,0.06
Fri Aug  9 05:40:22 2013,ArduinoHelmet1,133,33.8,0.05
Fri Aug  9 05:40:22 2013,ArduinoHelmet1,133,33.8,0.05
Fri Aug  9 05:40:24 2013,ArduinoHelmet1,134,30.6,0.05
Fri Aug  9 05:40:24 2013,ArduinoHelmet1,134,30.6,0.05
Fri Aug  9 05:40:25 2013,ArduinoHelmet1,135,29.1,0.05
Fri Aug  9 05:40:25 2013,ArduinoHelmet1,135,29.1,0.05
Fri Aug  9 05:40:27 2013,ArduinoHelmet1,136,28.6,0.05
Fri Aug  9 05:40:27 2013,ArduinoHelmet1,136,28.6,0.05
Fri Aug  9 05:40:29 2013,ArduinoHelmet1,137,28.1,0.05
Fri Aug  9 05:40:29 2013,ArduinoHelmet1,137,28.1,0.05
Fri Aug  9 05:40:30 2013,ArduinoHelmet1,138,28.1,0.05
Fri Aug  9 05:40:30 2013,ArduinoHelmet1,138,28.1,0.05
Fri Aug  9 05:40:32 2013,ArduinoHelmet1,139,28.1,0.05
Fri Aug  9 05:40:32 2013,ArduinoHelmet1,139,28.1,0.05
Fri Aug  9 05:40:33 2013,ArduinoHelmet1,140,28.1,0.05
Fri Aug  9 05:40:33 2013,ArduinoHelmet1,140,28.1,0.05
Fri Aug  9 05:40:35 2013,ArduinoHelmet1,141,28.3,0.05
Fri Aug  9 05:40:35 2013,ArduinoHelmet1,141,28.3,0.05
Fri Aug  9 05:40:37 2013,ArduinoHelmet1,142,28.3,0.05
Fri Aug  9 05:40:37 2013,ArduinoHelmet1,142,28.3,0.05
Fri Aug  9 05:40:38 2013,ArduinoHelmet1,143,28.3,0.05
Fri Aug  9 05:40:38 2013,ArduinoHelmet1,143,28.3,0.05
Fri Aug  9 05:40:40 2013,ArduinoHelmet1,144,28.6,0.05
Fri Aug  9 05:40:40 2013,ArduinoHelmet1,144,28.6,0.05
Fri Aug  9 05:40:41 2013,ArduinoHelmet1,145,28.6,0.05
Fri Aug  9 05:40:41 2013,ArduinoHelmet1,145,28.6,0.05
Fri Aug  9 05:40:43 2013,ArduinoHelmet1,146,28.6,0.05
Fri Aug  9 05:40:43 2013,ArduinoHelmet1,146,28.6,0.05
Fri Aug  9 05:40:45 2013,ArduinoHelmet1,147,28.8,0.05
Fri Aug  9 05:40:45 2013,ArduinoHelmet1,147,28.8,0.05
Fri Aug  9 05:40:46 2013,ArduinoHelmet1,148,29.1,0.05
Fri Aug  9 05:40:46 2013,ArduinoHelmet1,148,29.1,0.05
Fri Aug  9 05:40:48 2013,ArduinoHelmet1,149,29.1,0.05
Fri Aug  9 05:40:48 2013,ArduinoHelmet1,149,29.1,0.05
Fri Aug  9 05:40:49 2013,ArduinoHelmet1,150,28.8,0.05
Fri Aug  9 05:40:49 2013,ArduinoHelmet1,150,28.8,0.05
Fri Aug  9 05:40:51 2013,ArduinoHelmet1,151,29.1,0.08
Fri Aug  9 05:40:51 2013,ArduinoHelmet1,151,29.1,0.08
Fri Aug  9 05:40:53 2013,ArduinoHelmet1,152,29.1,0.13
Fri Aug  9 05:40:53 2013,ArduinoHelmet1,152,29.1,0.13
Fri Aug  9 05:40:54 2013,ArduinoHelmet1,153,29.1,0.12
Fri Aug  9 05:40:54 2013,ArduinoHelmet1,153,29.1,0.12
Fri Aug  9 05:40:56 2013,ArduinoHelmet1,154,29.3,0.05
Fri Aug  9 05:40:56 2013,ArduinoHelmet1,154,29.3,0.05
Fri Aug  9 05:40:57 2013,ArduinoHelmet1,155,29.1,0.05
Fri Aug  9 05:40:57 2013,ArduinoHelmet1,155,29.1,0.05
Fri Aug  9 05:40:59 2013,ArduinoHelmet1,156,29.3,0.05
Fri Aug  9 05:40:59 2013,ArduinoHelmet1,156,29.3,0.05
Fri Aug  9 05:41:01 2013,ArduinoHelmet1,157,29.3,0.05
Fri Aug  9 05:41:01 2013,ArduinoHelmet1,157,29.3,0.05
Fri Aug  9 05:41:02 2013,ArduinoHelmet1,158,29.6,0.05
Fri Aug  9 05:41:02 2013,ArduinoHelmet1,158,29.6,0.05
Fri Aug  9 05:41:04 2013,ArduinoHelmet1,159,29.8,0.12
Fri Aug  9 05:41:04 2013,ArduinoHelmet1,159,29.8,0.12
Fri Aug  9 05:41:05 2013,ArduinoHelmet1,160,29.6,0.13
Fri Aug  9 05:41:05 2013,ArduinoHelmet1,160,29.6,0.13
Fri Aug  9 05:41:07 2013,ArduinoHelmet1,161,29.6,0.17
Fri Aug  9 05:41:07 2013,ArduinoHelmet1,161,29.6,0.17
Fri Aug  9 05:41:09 2013,ArduinoHelmet1,162,29.8,0.06
Fri Aug  9 05:41:09 2013,ArduinoHelmet1,162,29.8,0.06
Fri Aug  9 05:41:10 2013,ArduinoHelmet1,163,29.8,0.05
Fri Aug  9 05:41:10 2013,ArduinoHelmet1,163,29.8,0.05
Fri Aug  9 05:41:12 2013,ArduinoHelmet1,164,29.8,0.05
Fri Aug  9 05:41:12 2013,ArduinoHelmet1,164,29.8,0.05
Fri Aug  9 05:41:13 2013,ArduinoHelmet1,165,29.8,0.05
Fri Aug  9 05:41:13 2013,ArduinoHelmet1,165,29.8,0.05
Fri Aug  9 05:41:15 2013,ArduinoHelmet1,166,30.1,0.06
Fri Aug  9 05:41:15 2013,ArduinoHelmet1,166,30.1,0.06
Fri Aug  9 05:41:17 2013,ArduinoHelmet1,167,30.1,0.05
Fri Aug  9 05:41:17 2013,ArduinoHelmet1,167,30.1,0.05
Fri Aug  9 05:41:18 2013,ArduinoHelmet1,168,30.3,0.05
Fri Aug  9 05:41:18 2013,ArduinoHelmet1,168,30.3,0.05
Fri Aug  9 05:41:20 2013,ArduinoHelmet1,169,30.3,0.15
Fri Aug  9 05:41:20 2013,ArduinoHelmet1,169,30.3,0.15
Fri Aug  9 05:41:21 2013,ArduinoHelmet1,170,30.3,0.42
Fri Aug  9 05:41:21 2013,ArduinoHelmet1,170,30.3,0.42
Fri Aug  9 05:41:23 2013,ArduinoHelmet1,171,30.3,0.59
Fri Aug  9 05:41:23 2013,ArduinoHelmet1,171,30.3,0.59
Fri Aug  9 05:41:25 2013,ArduinoHelmet1,172,30.3,1.95
Fri Aug  9 05:41:25 2013,ArduinoHelmet1,172,30.3,1.95
Fri Aug  9 05:41:26 2013,ArduinoHelmet1,173,30.6,1.35
Fri Aug  9 05:41:26 2013,ArduinoHelmet1,173,30.6,1.35
Fri Aug  9 05:41:28 2013,ArduinoHelmet1,174,30.6,0.08
Fri Aug  9 05:41:28 2013,ArduinoHelmet1,174,30.6,0.08
Fri Aug  9 05:41:29 2013,ArduinoHelmet1,175,30.6,0.06
Fri Aug  9 05:41:29 2013,ArduinoHelmet1,175,30.6,0.06
Fri Aug  9 05:41:31 2013,ArduinoHelmet1,176,30.8,0.06
Fri Aug  9 05:41:31 2013,ArduinoHelmet1,176,30.8,0.06
Fri Aug  9 05:41:33 2013,ArduinoHelmet1,177,30.8,0.05
Fri Aug  9 05:41:33 2013,ArduinoHelmet1,177,30.8,0.05
Fri Aug  9 05:41:34 2013,ArduinoHelmet1,178,30.8,0.06
Fri Aug  9 05:41:34 2013,ArduinoHelmet1,178,30.8,0.06
Fri Aug  9 05:41:36 2013,ArduinoHelmet1,179,30.8,0.06
Fri Aug  9 05:41:36 2013,ArduinoHelmet1,179,30.8,0.06
Fri Aug  9 05:41:37 2013,ArduinoHelmet1,180,30.8,0.05
Fri Aug  9 05:41:37 2013,ArduinoHelmet1,180,30.8,0.05
Fri Aug  9 05:41:39 2013,ArduinoHelmet1,181,30.8,0.05
Fri Aug  9 05:41:39 2013,ArduinoHelmet1,181,30.8,0.05
Fri Aug  9 05:41:41 2013,ArduinoHelmet1,182,31.0,0.06
Fri Aug  9 05:41:41 2013,ArduinoHelmet1,182,31.0,0.06
Fri Aug  9 05:41:42 2013,ArduinoHelmet1,183,31.0,0.06
Fri Aug  9 05:41:42 2013,ArduinoHelmet1,183,31.0,0.06
Fri Aug  9 05:41:44 2013,ArduinoHelmet1,184,31.3,0.06
Fri Aug  9 05:41:44 2013,ArduinoHelmet1,184,31.3,0.06
Fri Aug  9 05:41:45 2013,ArduinoHelmet1,185,31.3,0.05
Fri Aug  9 05:41:45 2013,ArduinoHelmet1,185,31.3,0.05
Fri Aug  9 05:41:47 2013,ArduinoHelmet1,186,31.3,0.06
Fri Aug  9 05:41:47 2013,ArduinoHelmet1,186,31.3,0.06
Fri Aug  9 05:41:49 2013,ArduinoHelmet1,187,31.5,0.05
Fri Aug  9 05:41:49 2013,ArduinoHelmet1,187,31.5,0.05
Fri Aug  9 05:41:50 2013,ArduinoHelmet1,188,31.5,0.05
Fri Aug  9 05:41:50 2013,ArduinoHelmet1,188,31.5,0.05
Fri Aug  9 05:41:52 2013,ArduinoHelmet1,189,31.5,0.06
Fri Aug  9 05:41:52 2013,ArduinoHelmet1,189,31.5,0.06
Fri Aug  9 05:41:53 2013,ArduinoHelmet1,190,31.5,0.05
Fri Aug  9 05:41:53 2013,ArduinoHelmet1,190,31.5,0.05
Fri Aug  9 05:41:55 2013,ArduinoHelmet1,191,31.5,0.17
Fri Aug  9 05:41:55 2013,ArduinoHelmet1,191,31.5,0.17
Fri Aug  9 05:41:57 2013,ArduinoHelmet1,192,32.0,0.36
Fri Aug  9 05:41:57 2013,ArduinoHelmet1,192,32.0,0.36
Fri Aug  9 05:41:58 2013,ArduinoHelmet1,193,32.5,0.34
Fri Aug  9 05:41:58 2013,ArduinoHelmet1,193,32.5,0.34
Fri Aug  9 05:42:00 2013,ArduinoHelmet1,194,33.0,0.35
Fri Aug  9 05:42:00 2013,ArduinoHelmet1,194,33.0,0.35
Fri Aug  9 05:42:01 2013,ArduinoHelmet1,195,33.3,0.19
Fri Aug  9 05:42:01 2013,ArduinoHelmet1,195,33.3,0.19
Fri Aug  9 05:42:03 2013,ArduinoHelmet1,196,33.5,0.09
Fri Aug  9 05:42:03 2013,ArduinoHelmet1,196,33.5,0.09
Fri Aug  9 05:42:05 2013,ArduinoHelmet1,197,33.5,0.05
Fri Aug  9 05:42:05 2013,ArduinoHelmet1,197,33.5,0.05
Fri Aug  9 05:42:06 2013,ArduinoHelmet1,198,33.5,0.02
Fri Aug  9 05:42:06 2013,ArduinoHelmet1,198,33.5,0.02
Fri Aug  9 05:42:08 2013,ArduinoHelmet1,199,33.3,0.02
Fri Aug  9 05:42:08 2013,ArduinoHelmet1,199,33.3,0.02
Fri Aug  9 05:42:09 2013,ArduinoHelmet1,200,33.3,0.01
Fri Aug  9 05:42:09 2013,ArduinoHelmet1,200,33.3,0.01
Fri Aug  9 05:42:11 2013,ArduinoHelmet1,201,33.3,0.02
Fri Aug  9 05:42:11 2013,ArduinoHelmet1,201,33.3,0.02
Fri Aug  9 05:42:13 2013,ArduinoHelmet1,202,33.3,0.02
Fri Aug  9 05:42:13 2013,ArduinoHelmet1,202,33.3,0.02
Fri Aug  9 05:42:14 2013,ArduinoHelmet1,203,33.3,0.01
Fri Aug  9 05:42:14 2013,ArduinoHelmet1,203,33.3,0.01
Fri Aug  9 05:42:16 2013,ArduinoHelmet1,204,33.3,0.02
Fri Aug  9 05:42:16 2013,ArduinoHelmet1,204,33.3,0.02
Fri Aug  9 05:42:17 2013,ArduinoHelmet1,205,33.3,0.01
Fri Aug  9 05:42:17 2013,ArduinoHelmet1,205,33.3,0.01
Fri Aug  9 05:42:19 2013,ArduinoHelmet1,206,33.3,0.01
Fri Aug  9 05:42:19 2013,ArduinoHelmet1,206,33.3,0.01
Fri Aug  9 05:42:21 2013,ArduinoHelmet1,207,33.3,0.01
Fri Aug  9 05:42:21 2013,ArduinoHelmet1,207,33.3,0.01
Fri Aug  9 05:42:22 2013,ArduinoHelmet1,208,33.3,0.01
Fri Aug  9 05:42:22 2013,ArduinoHelmet1,208,33.3,0.01
Fri Aug  9 05:42:24 2013,ArduinoHelmet1,209,33.3,0.01
Fri Aug  9 05:42:24 2013,ArduinoHelmet1,209,33.3,0.01
Fri Aug  9 05:42:25 2013,ArduinoHelmet1,210,33.3,0.01
Fri Aug  9 05:42:25 2013,ArduinoHelmet1,210,33.3,0.01
Fri Aug  9 05:42:27 2013,ArduinoHelmet1,211,33.3,0.01
Fri Aug  9 05:42:27 2013,ArduinoHelmet1,211,33.3,0.01
Fri Aug  9 05:42:29 2013,ArduinoHelmet1,212,33.3,0.01
Fri Aug  9 05:42:29 2013,ArduinoHelmet1,212,33.3,0.01
Fri Aug  9 05:42:30 2013,ArduinoHelmet1,213,33.3,0.01
Fri Aug  9 05:42:30 2013,ArduinoHelmet1,213,33.3,0.01
Fri Aug  9 05:42:32 2013,ArduinoHelmet1,214,33.3,0.01
Fri Aug  9 05:42:32 2013,ArduinoHelmet1,214,33.3,0.01
Fri Aug  9 05:42:33 2013,ArduinoHelmet1,215,33.3,0.01
Fri Aug  9 05:42:33 2013,ArduinoHelmet1,215,33.3,0.01
Fri Aug  9 05:42:35 2013,ArduinoHelmet1,216,33.3,0.01
Fri Aug  9 05:42:35 2013,ArduinoHelmet1,216,33.3,0.01
Fri Aug  9 05:42:37 2013,ArduinoHelmet1,217,33.3,0.01
Fri Aug  9 05:42:37 2013,ArduinoHelmet1,217,33.3,0.01
Fri Aug  9 05:42:38 2013,ArduinoHelmet1,218,33.0,0.01
Fri Aug  9 05:42:38 2013,ArduinoHelmet1,218,33.0,0.01
Fri Aug  9 05:42:40 2013,ArduinoHelmet1,219,33.3,0.01
Fri Aug  9 05:42:40 2013,ArduinoHelmet1,219,33.3,0.01
Fri Aug  9 05:42:41 2013,ArduinoHelmet1,220,33.3,0.01
Fri Aug  9 05:42:41 2013,ArduinoHelmet1,220,33.3,0.01
Fri Aug  9 05:42:43 2013,ArduinoHelmet1,221,33.0,0.01
Fri Aug  9 05:42:43 2013,ArduinoHelmet1,221,33.0,0.01
Fri Aug  9 05:42:45 2013,ArduinoHelmet1,222,33.0,0.01
Fri Aug  9 05:42:45 2013,ArduinoHelmet1,222,33.0,0.01
Fri Aug  9 05:42:46 2013,ArduinoHelmet1,223,33.3,0.01
Fri Aug  9 05:42:46 2013,ArduinoHelmet1,223,33.3,0.01
Fri Aug  9 05:42:48 2013,ArduinoHelmet1,224,33.3,0.01
Fri Aug  9 05:42:48 2013,ArduinoHelmet1,224,33.3,0.01
Fri Aug  9 05:42:49 2013,ArduinoHelmet1,225,33.0,0.01
Fri Aug  9 05:42:49 2013,ArduinoHelmet1,225,33.0,0.01
Fri Aug  9 05:42:51 2013,ArduinoHelmet1,226,33.0,0.01
Fri Aug  9 05:42:51 2013,ArduinoHelmet1,226,33.0,0.01
Fri Aug  9 05:42:53 2013,ArduinoHelmet1,227,33.0,0.01
Fri Aug  9 05:42:53 2013,ArduinoHelmet1,227,33.0,0.01
Fri Aug  9 05:42:54 2013,ArduinoHelmet1,228,33.3,0.01
Fri Aug  9 05:42:54 2013,ArduinoHelmet1,228,33.3,0.01
Fri Aug  9 05:42:56 2013,ArduinoHelmet1,229,33.3,0.01
Fri Aug  9 05:42:56 2013,ArduinoHelmet1,229,33.3,0.01
Fri Aug  9 05:42:57 2013,ArduinoHelmet1,230,33.0,0.01
Fri Aug  9 05:42:57 2013,ArduinoHelmet1,230,33.0,0.01
Fri Aug  9 05:42:59 2013,ArduinoHelmet1,231,33.0,0.01
Fri Aug  9 05:42:59 2013,ArduinoHelmet1,231,33.0,0.01
Fri Aug  9 05:43:01 2013,ArduinoHelmet1,232,33.0,0.01
Fri Aug  9 05:43:01 2013,ArduinoHelmet1,232,33.0,0.01
Fri Aug  9 05:43:02 2013,ArduinoHelmet1,233,33.0,0.01
Fri Aug  9 05:43:02 2013,ArduinoHelmet1,233,33.0,0.01
Fri Aug  9 05:43:04 2013,ArduinoHelmet1,234,33.0,0.01
Fri Aug  9 05:43:04 2013,ArduinoHelmet1,234,33.0,0.01
Fri Aug  9 05:43:05 2013,ArduinoHelmet1,235,33.0,0.01
Fri Aug  9 05:43:05 2013,ArduinoHelmet1,235,33.0,0.01
Fri Aug  9 05:43:07 2013,ArduinoHelmet1,236,33.0,0.01
Fri Aug  9 05:43:07 2013,ArduinoHelmet1,236,33.0,0.01
Fri Aug  9 05:43:09 2013,ArduinoHelmet1,237,32.8,0.01
Fri Aug  9 05:43:09 2013,ArduinoHelmet1,237,32.8,0.01
Fri Aug  9 05:43:10 2013,ArduinoHelmet1,238,33.0,0.01
Fri Aug  9 05:43:10 2013,ArduinoHelmet1,238,33.0,0.01
Fri Aug  9 05:43:12 2013,ArduinoHelmet1,239,33.0,0.01
Fri Aug  9 05:43:12 2013,ArduinoHelmet1,239,33.0,0.01
Fri Aug  9 05:43:13 2013,ArduinoHelmet1,240,33.0,0.01
Fri Aug  9 05:43:13 2013,ArduinoHelmet1,240,33.0,0.01
Fri Aug  9 05:43:15 2013,ArduinoHelmet1,241,33.3,0.01
Fri Aug  9 05:43:15 2013,ArduinoHelmet1,241,33.3,0.01
Fri Aug  9 05:43:17 2013,ArduinoHelmet1,242,32.8,0.01
Fri Aug  9 05:43:17 2013,ArduinoHelmet1,242,32.8,0.01
Fri Aug  9 05:43:18 2013,ArduinoHelmet1,243,32.8,0.01
Fri Aug  9 05:43:18 2013,ArduinoHelmet1,243,32.8,0.01
Fri Aug  9 05:43:20 2013,ArduinoHelmet1,244,33.0,0.01
Fri Aug  9 05:43:20 2013,ArduinoHelmet1,244,33.0,0.01
Fri Aug  9 05:43:21 2013,ArduinoHelmet1,245,32.8,0.01
Fri Aug  9 05:43:21 2013,ArduinoHelmet1,245,32.8,0.01
Fri Aug  9 05:43:23 2013,ArduinoHelmet1,246,32.5,0.01
Fri Aug  9 05:43:23 2013,ArduinoHelmet1,246,32.5,0.01
Fri Aug  9 05:43:25 2013,ArduinoHelmet1,247,32.8,0.01
Fri Aug  9 05:43:25 2013,ArduinoHelmet1,247,32.8,0.01
Fri Aug  9 05:43:26 2013,ArduinoHelmet1,248,32.8,0.01
Fri Aug  9 05:43:26 2013,ArduinoHelmet1,248,32.8,0.01
Fri Aug  9 05:43:28 2013,ArduinoHelmet1,249,32.8,0.01
Fri Aug  9 05:43:28 2013,ArduinoHelmet1,249,32.8,0.01
Fri Aug  9 05:43:29 2013,ArduinoHelmet1,250,32.5,0.01
Fri Aug  9 05:43:29 2013,ArduinoHelmet1,250,32.5,0.01
Fri Aug  9 05:43:31 2013,ArduinoHelmet1,251,32.5,0.01
Fri Aug  9 05:43:31 2013,ArduinoHelmet1,251,32.5,0.01
Fri Aug  9 05:43:33 2013,ArduinoHelmet1,252,32.8,0.01
Fri Aug  9 05:43:33 2013,ArduinoHelmet1,252,32.8,0.01
Fri Aug  9 05:43:34 2013,ArduinoHelmet1,253,32.8,0.01
Fri Aug  9 05:43:34 2013,ArduinoHelmet1,253,32.8,0.01
Fri Aug  9 05:43:36 2013,ArduinoHelmet1,254,32.5,0.01
Fri Aug  9 05:43:36 2013,ArduinoHelmet1,254,32.5,0.01
Fri Aug  9 05:43:37 2013,ArduinoHelmet1,255,32.8,0.01
Fri Aug  9 05:43:37 2013,ArduinoHelmet1,255,32.8,0.01
Fri Aug  9 05:43:39 2013,ArduinoHelmet1,256,32.8,0.01
Fri Aug  9 05:43:39 2013,ArduinoHelmet1,256,32.8,0.01
Fri Aug  9 05:43:41 2013,ArduinoHelmet1,257,32.5,0.01
Fri Aug  9 05:43:41 2013,ArduinoHelmet1,257,32.5,0.01
Fri Aug  9 05:43:42 2013,ArduinoHelmet1,258,32.5,0.01
Fri Aug  9 05:43:42 2013,ArduinoHelmet1,258,32.5,0.01
Fri Aug  9 05:43:44 2013,ArduinoHelmet1,259,32.5,0.01
Fri Aug  9 05:43:44 2013,ArduinoHelmet1,259,32.5,0.01
Fri Aug  9 05:43:45 2013,ArduinoHelmet1,260,32.5,0.00
Fri Aug  9 05:43:45 2013,ArduinoHelmet1,260,32.5,0.00
Fri Aug  9 05:43:47 2013,ArduinoHelmet1,261,32.5,0.00
Fri Aug  9 05:43:47 2013,ArduinoHelmet1,261,32.5,0.00
Fri Aug  9 05:43:49 2013,ArduinoHelmet1,262,32.5,0.01
Fri Aug  9 05:43:49 2013,ArduinoHelmet1,262,32.5,0.01
Fri Aug  9 05:43:50 2013,ArduinoHelmet1,263,32.5,0.01
Fri Aug  9 05:43:50 2013,ArduinoHelmet1,263,32.5,0.01
Fri Aug  9 05:43:52 2013,ArduinoHelmet1,264,32.5,0.01
Fri Aug  9 05:43:52 2013,ArduinoHelmet1,264,32.5,0.01
Fri Aug  9 05:43:53 2013,ArduinoHelmet1,265,32.5,0.01
Fri Aug  9 05:43:53 2013,ArduinoHelmet1,265,32.5,0.01
Fri Aug  9 05:43:55 2013,ArduinoHelmet1,266,32.5,0.01
Fri Aug  9 05:43:55 2013,ArduinoHelmet1,266,32.5,0.01
Fri Aug  9 05:43:57 2013,ArduinoHelmet1,267,32.5,0.01
Fri Aug  9 05:43:57 2013,ArduinoHelmet1,267,32.5,0.01
Fri Aug  9 05:43:58 2013,ArduinoHelmet1,268,32.5,0.01
Fri Aug  9 05:43:58 2013,ArduinoHelmet1,268,32.5,0.01
Fri Aug  9 05:44:00 2013,ArduinoHelmet1,269,32.3,0.01
Fri Aug  9 05:44:00 2013,ArduinoHelmet1,269,32.3,0.01
Fri Aug  9 05:44:01 2013,ArduinoHelmet1,270,32.5,0.00
Fri Aug  9 05:44:01 2013,ArduinoHelmet1,270,32.5,0.00
Fri Aug  9 05:44:03 2013,ArduinoHelmet1,271,32.3,0.00
Fri Aug  9 05:44:03 2013,ArduinoHelmet1,271,32.3,0.00
Fri Aug  9 05:44:04 2013,ArduinoHelmet1,272,32.3,0.01
Fri Aug  9 05:44:04 2013,ArduinoHelmet1,272,32.3,0.01
Fri Aug  9 05:44:06 2013,ArduinoHelmet1,273,32.5,0.01
Fri Aug  9 05:44:06 2013,ArduinoHelmet1,273,32.5,0.01
Fri Aug  9 05:44:08 2013,ArduinoHelmet1,274,32.3,0.00
Fri Aug  9 05:44:08 2013,ArduinoHelmet1,274,32.3,0.00
Fri Aug  9 05:44:09 2013,ArduinoHelmet1,275,32.0,0.00
Fri Aug  9 05:44:09 2013,ArduinoHelmet1,275,32.0,0.00
Fri Aug  9 05:44:11 2013,ArduinoHelmet1,276,32.5,0.00
Fri Aug  9 05:44:11 2013,ArduinoHelmet1,276,32.5,0.00
Fri Aug  9 05:44:12 2013,ArduinoHelmet1,277,32.3,0.00
Fri Aug  9 05:44:12 2013,ArduinoHelmet1,277,32.3,0.00
Fri Aug  9 05:44:14 2013,ArduinoHelmet1,278,32.3,0.00
Fri Aug  9 05:44:14 2013,ArduinoHelmet1,278,32.3,0.00
Fri Aug  9 05:44:16 2013,ArduinoHelmet1,279,32.3,0.01
Fri Aug  9 05:44:16 2013,ArduinoHelmet1,279,32.3,0.01
Fri Aug  9 05:44:17 2013,ArduinoHelmet1,280,32.3,0.00
Fri Aug  9 05:44:17 2013,ArduinoHelmet1,280,32.3,0.00
Fri Aug  9 05:44:19 2013,ArduinoHelmet1,281,32.0,0.00
Fri Aug  9 05:44:19 2013,ArduinoHelmet1,281,32.0,0.00
Fri Aug  9 05:44:20 2013,ArduinoHelmet1,282,32.0,0.00
Fri Aug  9 05:44:20 2013,ArduinoHelmet1,282,32.0,0.00
Fri Aug  9 05:44:22 2013,ArduinoHelmet1,283,32.0,0.00
Fri Aug  9 05:44:22 2013,ArduinoHelmet1,283,32.0,0.00
Fri Aug  9 05:44:24 2013,ArduinoHelmet1,284,31.8,0.00
Fri Aug  9 05:44:24 2013,ArduinoHelmet1,284,31.8,0.00
Fri Aug  9 05:44:25 2013,ArduinoHelmet1,285,31.8,0.00
Fri Aug  9 05:44:25 2013,ArduinoHelmet1,285,31.8,0.00
Fri Aug  9 05:44:27 2013,ArduinoHelmet1,286,32.0,0.00
Fri Aug  9 05:44:27 2013,ArduinoHelmet1,286,32.0,0.00
Fri Aug  9 05:44:28 2013,ArduinoHelmet1,287,32.0,0.01
Fri Aug  9 05:44:28 2013,ArduinoHelmet1,287,32.0,0.01
Fri Aug  9 05:44:30 2013,ArduinoHelmet1,288,32.0,0.00
Fri Aug  9 05:44:30 2013,ArduinoHelmet1,288,32.0,0.00
Fri Aug  9 05:44:32 2013,ArduinoHelmet1,289,31.8,0.00
Fri Aug  9 05:44:32 2013,ArduinoHelmet1,289,31.8,0.00
Fri Aug  9 05:44:33 2013,ArduinoHelmet1,290,31.8,0.00
Fri Aug  9 05:44:33 2013,ArduinoHelmet1,290,31.8,0.00
Fri Aug  9 05:44:35 2013,ArduinoHelmet1,291,31.5,0.00
Fri Aug  9 05:44:35 2013,ArduinoHelmet1,291,31.5,0.00
Fri Aug  9 05:44:36 2013,ArduinoHelmet1,292,31.8,0.00
Fri Aug  9 05:44:36 2013,ArduinoHelmet1,292,31.8,0.00
Fri Aug  9 05:44:38 2013,ArduinoHelmet1,293,31.5,0.01
Fri Aug  9 05:44:38 2013,ArduinoHelmet1,293,31.5,0.01
Fri Aug  9 05:44:40 2013,ArduinoHelmet1,294,31.8,0.00
Fri Aug  9 05:44:40 2013,ArduinoHelmet1,294,31.8,0.00
Fri Aug  9 05:44:41 2013,ArduinoHelmet1,295,31.8,0.00
Fri Aug  9 05:44:41 2013,ArduinoHelmet1,295,31.8,0.00
Fri Aug  9 05:44:43 2013,ArduinoHelmet1,296,31.5,0.00
Fri Aug  9 05:44:43 2013,ArduinoHelmet1,296,31.5,0.00
Fri Aug  9 05:44:44 2013,ArduinoHelmet1,297,31.5,0.00
Fri Aug  9 05:44:44 2013,ArduinoHelmet1,297,31.5,0.00
Fri Aug  9 05:44:46 2013,ArduinoHelmet1,298,31.5,0.00
Fri Aug  9 05:44:46 2013,ArduinoHelmet1,298,31.5,0.00
Fri Aug  9 05:44:48 2013,ArduinoHelmet1,299,31.5,0.00
Fri Aug  9 05:44:48 2013,ArduinoHelmet1,299,31.5,0.00
Fri Aug  9 05:44:49 2013,ArduinoHelmet1,300,31.8,0.00
Fri Aug  9 05:44:49 2013,ArduinoHelmet1,300,31.8,0.00
Fri Aug  9 05:44:51 2013,ArduinoHelmet1,301,31.5,0.00
Fri Aug  9 05:44:51 2013,ArduinoHelmet1,301,31.5,0.00
Fri Aug  9 05:44:52 2013,ArduinoHelmet1,302,31.5,0.00
Fri Aug  9 05:44:52 2013,ArduinoHelmet1,302,31.5,0.00
Fri Aug  9 05:44:54 2013,ArduinoHelmet1,303,31.5,0.00
Fri Aug  9 05:44:54 2013,ArduinoHelmet1,303,31.5,0.00
Fri Aug  9 05:44:56 2013,ArduinoHelmet1,304,31.5,0.00
Fri Aug  9 05:44:56 2013,ArduinoHelmet1,304,31.5,0.00
Fri Aug  9 05:44:57 2013,ArduinoHelmet1,305,31.5,0.00
Fri Aug  9 05:44:57 2013,ArduinoHelmet1,305,31.5,0.00
Fri Aug  9 05:44:59 2013,ArduinoHelmet1,306,31.3,0.00
Fri Aug  9 05:44:59 2013,ArduinoHelmet1,306,31.3,0.00
Fri Aug  9 05:45:00 2013,ArduinoHelmet1,307,31.3,0.01
Fri Aug  9 05:45:00 2013,ArduinoHelmet1,307,31.3,0.01
Fri Aug  9 05:45:02 2013,ArduinoHelmet1,308,31.5,0.01
Fri Aug  9 05:45:02 2013,ArduinoHelmet1,308,31.5,0.01
Fri Aug  9 05:45:04 2013,ArduinoHelmet1,309,31.3,0.01
Fri Aug  9 05:45:04 2013,ArduinoHelmet1,309,31.3,0.01
Fri Aug  9 05:45:05 2013,ArduinoHelmet1,310,31.3,0.00
Fri Aug  9 05:45:05 2013,ArduinoHelmet1,310,31.3,0.00
Fri Aug  9 05:45:07 2013,ArduinoHelmet1,311,31.5,0.00
Fri Aug  9 05:45:07 2013,ArduinoHelmet1,311,31.5,0.00
Fri Aug  9 05:45:08 2013,ArduinoHelmet1,312,31.3,0.00
Fri Aug  9 05:45:08 2013,ArduinoHelmet1,312,31.3,0.00
Fri Aug  9 05:45:10 2013,ArduinoHelmet1,313,31.0,0.00
Fri Aug  9 05:45:10 2013,ArduinoHelmet1,313,31.0,0.00
Fri Aug  9 05:45:12 2013,ArduinoHelmet1,314,31.0,-0.00
Fri Aug  9 05:45:12 2013,ArduinoHelmet1,314,31.0,-0.00
Fri Aug  9 05:45:13 2013,ArduinoHelmet1,315,31.0,0.00
Fri Aug  9 05:45:13 2013,ArduinoHelmet1,315,31.0,0.00
Fri Aug  9 05:45:15 2013,ArduinoHelmet1,316,31.0,0.00
Fri Aug  9 05:45:15 2013,ArduinoHelmet1,316,31.0,0.00
Fri Aug  9 05:45:16 2013,ArduinoHelmet1,317,30.8,0.00
Fri Aug  9 05:45:16 2013,ArduinoHelmet1,317,30.8,0.00
Fri Aug  9 05:45:18 2013,ArduinoHelmet1,318,30.8,0.00
Fri Aug  9 05:45:18 2013,ArduinoHelmet1,318,30.8,0.00
Fri Aug  9 05:45:20 2013,ArduinoHelmet1,319,30.8,0.00
Fri Aug  9 05:45:20 2013,ArduinoHelmet1,319,30.8,0.00
Fri Aug  9 05:45:21 2013,ArduinoHelmet1,320,30.8,0.00
Fri Aug  9 05:45:21 2013,ArduinoHelmet1,320,30.8,0.00
Fri Aug  9 05:45:23 2013,ArduinoHelmet1,321,30.8,0.00
Fri Aug  9 05:45:23 2013,ArduinoHelmet1,321,30.8,0.00
Fri Aug  9 05:45:24 2013,ArduinoHelmet1,322,30.8,0.00
Fri Aug  9 05:45:24 2013,ArduinoHelmet1,322,30.8,0.00
Fri Aug  9 05:45:26 2013,ArduinoHelmet1,323,30.8,0.00
Fri Aug  9 05:45:26 2013,ArduinoHelmet1,323,30.8,0.00
