Sat Mar 12 11:08:39 2016,ArduinoHelmet1,155,-0.030,-0.020,18,-0.0
Sat Mar 12 11:08:40 2016,ArduinoHelmet1,156,-0.030,-0.020,18,-0.0
Sat Mar 12 11:08:41 2016,ArduinoHelmet1,157,-0.050,-0.020,17,-0.0
Sat Mar 12 11:08:42 2016,ArduinoHelmet1,158,-0.050,-0.020,17,-0.0
Sat Mar 12 11:08:43 2016,ArduinoHelmet1,159,-0.030,-0.020,18,-0.0
Sat Mar 12 11:08:44 2016,ArduinoHelmet1,160,-0.050,-0.020,17,-0.0
Sat Mar 12 11:08:45 2016,ArduinoHelmet1,161,-0.030,-0.020,18,-0.0
Sat Mar 12 11:08:46 2016,ArduinoHelmet1,162,-0.050,-0.020,17,-0.0
Sat Mar 12 11:08:47 2016,ArduinoHelmet1,163,-0.050,-0.020,17,-0.0
Sat Mar 12 11:08:48 2016,ArduinoHelmet1,164,-0.030,-0.020,18,-0.0
Sat Mar 12 11:08:49 2016,ArduinoHelmet1,165,-0.030,-0.020,18,-0.0
Sat Mar 12 11:08:50 2016,ArduinoHelmet1,166,-0.050,-0.020,17,-0.0
Sat Mar 12 11:08:51 2016,ArduinoHelmet1,167,-0.050,-0.020,17,-0.0
Sat Mar 12 11:08:52 2016,ArduinoHelmet1,168,-0.050,-0.020,17,-0.0
Sat Mar 12 11:08:53 2016,ArduinoHelmet1,169,-0.050,0.000,17,0.0
Sat Mar 12 11:08:54 2016,ArduinoHelmet1,170,-0.030,0.000,18,0.0
Sat Mar 12 11:08:55 2016,ArduinoHelmet1,171,-0.050,-0.020,17,-0.0
Sat Mar 12 11:08:56 2016,ArduinoHelmet1,172,-0.030,-0.020,18,-0.0
Sat Mar 12 11:08:57 2016,ArduinoHelmet1,173,-0.050,-0.020,17,-0.0
Sat Mar 12 11:08:58 2016,ArduinoHelmet1,174,-0.030,0.000,18,0.0
Sat Mar 12 11:09:00 2016,ArduinoHelmet1,175,-0.030,-0.020,18,-0.0
Sat Mar 12 11:09:00 2016,ArduinoHelmet1,176,-0.030,-0.020,18,-0.0
Sat Mar 12 11:09:01 2016,ArduinoHelmet1,177,-0.030,-0.030,18,-0.0
Sat Mar 12 11:09:03 2016,ArduinoHelmet1,178,-0.030,-0.020,18,-0.0
Sat Mar 12 11:09:04 2016,ArduinoHelmet1,179,-0.050,-0.020,17,-0.0
Sat Mar 12 11:09:04 2016,ArduinoHelmet1,180,-0.050,-0.020,17,-0.0
Sat Mar 12 11:09:06 2016,ArduinoHelmet1,181,-0.030,-0.020,18,-0.0
Sat Mar 12 11:09:07 2016,ArduinoHelmet1,182,-0.030,-0.020,18,-0.0
Sat Mar 12 11:09:08 2016,ArduinoHelmet1,183,-0.050,-0.020,17,-0.0
Sat Mar 12 11:09:09 2016,ArduinoHelmet1,184,-0.030,-0.020,18,-0.0
Sat Mar 12 11:09:10 2016,ArduinoHelmet1,185,-0.030,-0.020,18,-0.0
Sat Mar 12 11:09:11 2016,ArduinoHelmet1,186,-0.050,-0.020,17,-0.0
Sat Mar 12 11:09:12 2016,ArduinoHelmet1,187,-0.030,-0.020,18,-0.0
Sat Mar 12 11:09:13 2016,ArduinoHelmet1,188,-0.030,-0.020,18,-0.0
Sat Mar 12 11:09:14 2016,ArduinoHelmet1,189,-0.050,-0.020,17,-0.0
Sat Mar 12 11:09:15 2016,ArduinoHelmet1,190,-0.050,-0.020,17,-0.0
Sat Mar 12 11:09:16 2016,ArduinoHelmet1,191,-0.030,-0.020,18,-0.0
Sat Mar 12 11:09:17 2016,ArduinoHelmet1,192,-0.030,-0.020,18,-0.0
Sat Mar 12 11:09:18 2016,ArduinoHelmet1,193,-0.050,-0.020,17,-0.0
Sat Mar 12 11:09:19 2016,ArduinoHelmet1,194,-0.030,-0.020,18,-0.0
Sat Mar 12 11:09:20 2016,ArduinoHelmet1,195,-0.050,-0.020,17,-0.0
Sat Mar 12 11:09:21 2016,ArduinoHelmet1,196,-0.030,-0.020,18,-0.0
Sat Mar 12 11:09:22 2016,ArduinoHelmet1,197,-0.050,-0.020,17,-0.0
Sat Mar 12 11:09:23 2016,ArduinoHelmet1,198,-0.050,-0.020,17,-0.0
Sat Mar 12 11:09:24 2016,ArduinoHelmet1,199,-0.050,-0.020,17,-0.0
Sat Mar 12 11:09:25 2016,ArduinoHelmet1,200,-0.030,-0.020,18,-0.0
Sat Mar 12 11:09:26 2016,ArduinoHelmet1,201,-0.050,-0.020,17,-0.0
Sat Mar 12 11:09:27 2016,ArduinoHelmet1,202,-0.050,-0.020,17,-0.0
Sat Mar 12 11:09:28 2016,ArduinoHelmet1,203,-0.030,-0.020,18,-0.0
Sat Mar 12 11:09:29 2016,ArduinoHelmet1,204,-0.050,-0.020,17,-0.0
Sat Mar 12 11:09:30 2016,ArduinoHelmet1,205,-0.050,-0.020,17,-0.0
Sat Mar 12 11:09:31 2016,ArduinoHelmet1,206,-0.050,-0.020,17,-0.0
Sat Mar 12 11:09:32 2016,ArduinoHelmet1,207,-0.050,-0.020,17,-0.0
Sat Mar 12 11:09:33 2016,ArduinoHelmet1,208,-0.050,-0.020,17,-0.0
Sat Mar 12 11:09:34 2016,ArduinoHelmet1,209,-0.030,-0.020,18,-0.0
Sat Mar 12 11:09:35 2016,ArduinoHelmet1,210,-0.050,-0.020,17,-0.0
Sat Mar 12 11:09:36 2016,ArduinoHelmet1,211,-0.050,-0.020,17,-0.0
Sat Mar 12 11:09:37 2016,ArduinoHelmet1,212,-0.050,-0.020,17,-0.0
Sat Mar 12 11:09:38 2016,ArduinoHelmet1,213,-0.030,-0.020,18,-0.0
Sat Mar 12 11:09:39 2016,ArduinoHelmet1,214,-0.050,-0.020,17,-0.0
Sat Mar 12 11:09:40 2016,ArduinoHelmet1,215,-0.030,-0.020,18,-0.0
Sat Mar 12 11:09:41 2016,ArduinoHelmet1,216,-0.050,-0.020,17,-0.0
Sat Mar 12 11:09:42 2016,ArduinoHelmet1,217,-0.050,-0.020,17,-0.0
Sat Mar 12 11:09:44 2016,ArduinoHelmet1,218,-0.030,-0.020,18,-0.0
Sat Mar 12 11:09:44 2016,ArduinoHelmet1,219,-0.030,-0.020,18,-0.0
Sat Mar 12 11:09:46 2016,ArduinoHelmet1,220,-0.050,-0.020,17,-0.0
Sat Mar 12 11:09:47 2016,ArduinoHelmet1,221,-0.050,-0.020,17,-0.0
Sat Mar 12 11:09:48 2016,ArduinoHelmet1,222,-0.050,-0.020,17,-0.0
Sat Mar 12 11:09:49 2016,ArduinoHelmet1,223,-0.050,-0.020,17,-0.0
Sat Mar 12 11:09:50 2016,ArduinoHelmet1,224,-0.050,-0.020,17,-0.0
Sat Mar 12 11:09:51 2016,ArduinoHelmet1,225,-0.050,-0.020,17,-0.0
Sat Mar 12 11:09:52 2016,ArduinoHelmet1,226,-0.050,-0.020,17,-0.0
Sat Mar 12 11:09:53 2016,ArduinoHelmet1,227,-0.030,-0.020,18,-0.0
Sat Mar 12 11:09:54 2016,ArduinoHelmet1,228,-0.050,-0.020,17,-0.0
Sat Mar 12 11:09:55 2016,ArduinoHelmet1,229,-0.050,-0.020,17,-0.0
Sat Mar 12 11:09:56 2016,ArduinoHelmet1,230,-0.050,-0.020,17,-0.0
Sat Mar 12 11:09:57 2016,ArduinoHelmet1,231,-0.030,-0.020,18,-0.0
Sat Mar 12 11:09:58 2016,ArduinoHelmet1,232,-0.050,-0.020,17,-0.0
Sat Mar 12 11:09:59 2016,ArduinoHelmet1,233,-0.050,-0.020,17,-0.0
Sat Mar 12 11:10:00 2016,ArduinoHelmet1,234,-0.050,-0.020,17,-0.0
Sat Mar 12 11:10:01 2016,ArduinoHelmet1,235,-0.050,-0.020,17,-0.0
Sat Mar 12 11:10:02 2016,ArduinoHelmet1,236,-0.030,-0.020,18,-0.0
Sat Mar 12 11:10:03 2016,ArduinoHelmet1,237,-0.050,-0.020,17,-0.0
Sat Mar 12 11:10:04 2016,ArduinoHelmet1,238,-0.050,-0.020,17,-0.0
Sat Mar 12 11:10:05 2016,ArduinoHelmet1,239,-0.030,-0.020,18,-0.0
Sat Mar 12 11:10:06 2016,ArduinoHelmet1,240,-0.050,-0.020,17,-0.0
Sat Mar 12 11:10:07 2016,ArduinoHelmet1,241,-0.050,-0.020,17,-0.0
Sat Mar 12 11:10:08 2016,ArduinoHelmet1,242,-0.030,-0.020,18,-0.0
Sat Mar 12 11:10:09 2016,ArduinoHelmet1,243,-0.050,-0.020,17,-0.0
Sat Mar 12 11:10:10 2016,ArduinoHelmet1,244,-0.030,-0.020,18,-0.0
Sat Mar 12 11:10:11 2016,ArduinoHelmet1,245,-0.030,-0.020,18,-0.0
Sat Mar 12 11:10:12 2016,ArduinoHelmet1,246,-0.030,-0.020,18,-0.0
Sat Mar 12 11:10:13 2016,ArduinoHelmet1,247,-0.050,-0.020,17,-0.0
Sat Mar 12 11:10:14 2016,ArduinoHelmet1,248,-0.030,-0.020,18,-0.0
Sat Mar 12 11:10:15 2016,ArduinoHelmet1,249,-0.050,-0.020,17,-0.0
Sat Mar 12 11:10:16 2016,ArduinoHelmet1,250,-0.050,-0.020,17,-0.0
Sat Mar 12 11:10:17 2016,ArduinoHelmet1,251,-0.050,-0.020,17,-0.0
Sat Mar 12 11:10:18 2016,ArduinoHelmet1,252,-0.050,-0.020,17,-0.0
Sat Mar 12 11:10:19 2016,ArduinoHelmet1,253,-0.050,-0.020,17,-0.0
Sat Mar 12 11:10:20 2016,ArduinoHelmet1,254,-0.050,-0.020,17,-0.0
Sat Mar 12 11:10:21 2016,ArduinoHelmet1,255,-0.030,-0.020,18,-0.0
Sat Mar 12 11:10:23 2016,ArduinoHelmet1,256,-0.050,-0.020,17,-0.0
Sat Mar 12 11:10:23 2016,ArduinoHelmet1,257,-0.050,-0.030,17,-0.0
Sat Mar 12 11:10:24 2016,ArduinoHelmet1,258,-0.050,-0.030,17,-0.0
Sat Mar 12 11:10:26 2016,ArduinoHelmet1,259,-0.030,-0.020,18,-0.0
Sat Mar 12 11:10:27 2016,ArduinoHelmet1,260,-0.030,-0.020,18,-0.0
Sat Mar 12 11:10:27 2016,ArduinoHelmet1,261,-0.030,-0.020,18,-0.0
Sat Mar 12 11:10:29 2016,ArduinoHelmet1,262,-0.050,-0.020,17,-0.0
Sat Mar 12 11:10:30 2016,ArduinoHelmet1,263,-0.030,-0.020,18,-0.0
Sat Mar 12 11:10:31 2016,ArduinoHelmet1,264,-0.050,-0.020,17,-0.0
Sat Mar 12 11:10:32 2016,ArduinoHelmet1,265,-0.030,-0.020,18,-0.0
Sat Mar 12 11:10:33 2016,ArduinoHelmet1,266,-0.050,-0.030,17,-0.0
Sat Mar 12 11:10:34 2016,ArduinoHelmet1,267,-0.050,-0.030,17,-0.0
Sat Mar 12 11:10:35 2016,ArduinoHelmet1,268,-0.050,-0.020,17,-0.0
Sat Mar 12 11:10:36 2016,ArduinoHelmet1,269,-0.050,-0.020,17,-0.0
Sat Mar 12 11:10:37 2016,ArduinoHelmet1,270,-0.050,-0.020,17,-0.0
Sat Mar 12 11:10:38 2016,ArduinoHelmet1,271,-0.050,-0.020,17,-0.0
Sat Mar 12 11:10:39 2016,ArduinoHelmet1,272,-0.050,-0.020,17,-0.0
Sat Mar 12 11:10:40 2016,ArduinoHelmet1,273,-0.050,-0.020,17,-0.0
Sat Mar 12 11:10:41 2016,ArduinoHelmet1,274,-0.030,-0.020,18,-0.0
Sat Mar 12 11:10:42 2016,ArduinoHelmet1,275,-0.050,-0.020,17,-0.0
Sat Mar 12 11:10:43 2016,ArduinoHelmet1,276,-0.050,-0.020,17,-0.0
Sat Mar 12 11:10:44 2016,ArduinoHelmet1,277,-0.050,-0.020,17,-0.0
Sat Mar 12 11:10:45 2016,ArduinoHelmet1,278,-0.050,-0.030,17,-0.0
Sat Mar 12 11:10:46 2016,ArduinoHelmet1,279,-0.050,-0.030,17,-0.0
Sat Mar 12 11:10:47 2016,ArduinoHelmet1,280,-0.050,-0.020,17,-0.0
Sat Mar 12 11:10:48 2016,ArduinoHelmet1,281,-0.030,-0.020,18,-0.0
Sat Mar 12 11:10:49 2016,ArduinoHelmet1,282,-0.050,-0.030,17,-0.0
Sat Mar 12 11:10:50 2016,ArduinoHelmet1,283,-0.050,-0.030,17,-0.0
Sat Mar 12 11:10:51 2016,ArduinoHelmet1,284,-0.050,-0.030,17,-0.0
Sat Mar 12 11:10:52 2016,ArduinoHelmet1,285,-0.050,-0.030,17,-0.0
Sat Mar 12 11:10:53 2016,ArduinoHelmet1,286,-0.050,-0.030,17,-0.0
Sat Mar 12 11:10:54 2016,ArduinoHelmet1,287,-0.050,-0.030,17,-0.0
Sat Mar 12 11:10:55 2016,ArduinoHelmet1,288,-0.050,-0.030,17,-0.0
Sat Mar 12 11:10:56 2016,ArduinoHelmet1,289,-0.050,-0.020,17,-0.0
Sat Mar 12 11:10:57 2016,ArduinoHelmet1,290,-0.050,-0.020,17,-0.0
Sat Mar 12 11:10:58 2016,ArduinoHelmet1,291,-0.050,-0.020,17,-0.0
Sat Mar 12 11:10:59 2016,ArduinoHelmet1,292,-0.050,-0.020,17,-0.0
Sat Mar 12 11:11:01 2016,ArduinoHelmet1,293,-0.050,-0.020,17,-0.0
Sat Mar 12 11:11:02 2016,ArduinoHelmet1,294,-0.050,-0.030,17,-0.0
Sat Mar 12 11:11:02 2016,ArduinoHelmet1,295,-0.050,-0.020,17,-0.0
Sat Mar 12 11:11:03 2016,ArduinoHelmet1,296,-0.050,-0.020,17,-0.0
Sat Mar 12 11:11:05 2016,ArduinoHelmet1,297,-0.050,-0.030,17,-0.0
Sat Mar 12 11:11:06 2016,ArduinoHelmet1,298,-0.050,-0.020,17,-0.0
Sat Mar 12 11:11:07 2016,ArduinoHelmet1,299,-0.030,-0.020,18,-0.0
Sat Mar 12 11:11:08 2016,ArduinoHelmet1,300,-0.050,-0.020,17,-0.0
Sat Mar 12 11:11:09 2016,ArduinoHelmet1,301,-0.050,-0.030,17,-0.0
Sat Mar 12 11:11:10 2016,ArduinoHelmet1,302,-0.050,-0.020,17,-0.0
Sat Mar 12 11:11:11 2016,ArduinoHelmet1,303,-0.050,-0.020,17,-0.0
Sat Mar 12 11:11:12 2016,ArduinoHelmet1,304,-0.050,-0.020,17,-0.0
Sat Mar 12 11:11:13 2016,ArduinoHelmet1,305,-0.050,-0.020,17,-0.0
Sat Mar 12 11:11:14 2016,ArduinoHelmet1,306,-0.050,-0.020,17,-0.0
Sat Mar 12 11:11:15 2016,ArduinoHelmet1,307,-0.050,-0.020,17,-0.0
Sat Mar 12 11:11:16 2016,ArduinoHelmet1,308,-0.050,-0.020,17,-0.0
Sat Mar 12 11:11:17 2016,ArduinoHelmet1,309,-0.030,-0.020,18,-0.0
Sat Mar 12 11:11:18 2016,ArduinoHelmet1,310,-0.030,-0.020,18,-0.0
Sat Mar 12 11:11:19 2016,ArduinoHelmet1,311,-0.050,-0.020,17,-0.0
Sat Mar 12 11:11:20 2016,ArduinoHelmet1,312,-0.050,-0.020,17,-0.0
Sat Mar 12 11:11:21 2016,ArduinoHelmet1,313,-0.050,-0.020,17,-0.0
Sat Mar 12 11:11:22 2016,ArduinoHelmet1,314,-0.050,-0.020,17,-0.0
Sat Mar 12 11:11:23 2016,ArduinoHelmet1,315,-0.050,-0.020,17,-0.0
Sat Mar 12 11:11:24 2016,ArduinoHelmet1,316,-0.050,-0.020,17,-0.0
Sat Mar 12 11:11:25 2016,ArduinoHelmet1,317,-0.030,-0.020,18,-0.0
Sat Mar 12 11:11:26 2016,ArduinoHelmet1,318,-0.050,-0.020,17,-0.0
Sat Mar 12 11:11:27 2016,ArduinoHelmet1,319,-0.050,-0.020,17,-0.0
Sat Mar 12 11:11:28 2016,ArduinoHelmet1,320,-0.050,-0.020,17,-0.0
Sat Mar 12 11:11:29 2016,ArduinoHelmet1,321,-0.050,0.000,17,0.0
Sat Mar 12 11:11:30 2016,ArduinoHelmet1,322,-0.050,0.000,17,0.0
Sat Mar 12 11:11:31 2016,ArduinoHelmet1,323,-0.050,-0.020,17,-0.0
Sat Mar 12 11:11:32 2016,ArduinoHelmet1,324,-0.050,-0.020,17,-0.0
Sat Mar 12 11:11:33 2016,ArduinoHelmet1,325,-0.050,-0.020,17,-0.0
Sat Mar 12 11:11:34 2016,ArduinoHelmet1,326,-0.030,-0.020,18,-0.0
Sat Mar 12 11:11:35 2016,ArduinoHelmet1,327,-0.050,-0.020,17,-0.0
Sat Mar 12 11:11:36 2016,ArduinoHelmet1,328,-0.050,-0.030,17,-0.0
Sat Mar 12 11:11:37 2016,ArduinoHelmet1,329,-0.050,-0.030,17,-0.0
Sat Mar 12 11:11:38 2016,ArduinoHelmet1,330,-0.050,-0.020,17,-0.0
Sat Mar 12 11:11:40 2016,ArduinoHelmet1,331,-0.050,-0.020,17,-0.0
Sat Mar 12 11:11:40 2016,ArduinoHelmet1,332,-0.050,-0.030,17,-0.0
Sat Mar 12 11:11:41 2016,ArduinoHelmet1,333,-0.050,-0.020,17,-0.0
Sat Mar 12 11:11:43 2016,ArduinoHelmet1,334,-0.050,-0.020,17,-0.0
Sat Mar 12 11:11:44 2016,ArduinoHelmet1,335,-0.050,-0.020,17,-0.0
Sat Mar 12 11:11:45 2016,ArduinoHelmet1,336,-0.050,0.000,17,0.0
Sat Mar 12 11:11:45 2016,ArduinoHelmet1,337,-0.050,-0.020,17,-0.0
Sat Mar 12 11:11:47 2016,ArduinoHelmet1,338,-0.050,-0.020,17,-0.0
Sat Mar 12 11:11:48 2016,ArduinoHelmet1,339,-0.050,-0.020,17,-0.0
Sat Mar 12 11:11:49 2016,ArduinoHelmet1,340,-0.050,-0.020,17,-0.0
Sat Mar 12 11:11:50 2016,ArduinoHelmet1,341,-0.050,-0.020,17,-0.0
Sat Mar 12 11:11:51 2016,ArduinoHelmet1,342,-0.050,-0.020,17,-0.0
Sat Mar 12 11:11:52 2016,ArduinoHelmet1,343,-0.050,-0.020,17,-0.0
Sat Mar 12 11:11:53 2016,ArduinoHelmet1,344,-0.050,-0.020,17,-0.0
Sat Mar 12 11:11:54 2016,ArduinoHelmet1,345,-0.050,-0.020,17,-0.0
Sat Mar 12 11:11:55 2016,ArduinoHelmet1,346,-0.050,-0.020,17,-0.0
Sat Mar 12 11:11:56 2016,ArduinoHelmet1,347,-0.050,-0.020,17,-0.0
Sat Mar 12 11:11:57 2016,ArduinoHelmet1,348,-0.050,-0.020,17,-0.0
Sat Mar 12 11:11:58 2016,ArduinoHelmet1,349,-0.050,-0.020,17,-0.0
Sat Mar 12 11:11:59 2016,ArduinoHelmet1,350,-0.050,-0.030,17,-0.0
Sat Mar 12 11:12:00 2016,ArduinoHelmet1,351,-0.050,-0.020,17,-0.0
Sat Mar 12 11:12:01 2016,ArduinoHelmet1,352,-0.050,-0.020,17,-0.0
Sat Mar 12 11:12:02 2016,ArduinoHelmet1,353,-0.050,-0.020,17,-0.0
Sat Mar 12 11:12:03 2016,ArduinoHelmet1,354,-0.050,-0.020,17,-0.0
Sat Mar 12 11:12:04 2016,ArduinoHelmet1,355,-0.050,-0.030,17,-0.0
Sat Mar 12 11:12:05 2016,ArduinoHelmet1,356,-0.030,-0.030,18,-0.0
Sat Mar 12 11:12:06 2016,ArduinoHelmet1,357,-0.050,-0.030,17,-0.0
Sat Mar 12 11:12:07 2016,ArduinoHelmet1,358,-0.050,-0.020,17,-0.0
Sat Mar 12 11:12:08 2016,ArduinoHelmet1,359,-0.050,-0.020,17,-0.0
Sat Mar 12 11:12:09 2016,ArduinoHelmet1,360,-0.050,-0.020,17,-0.0
Sat Mar 12 11:12:10 2016,ArduinoHelmet1,361,-0.050,-0.020,17,-0.0
Sat Mar 12 11:12:11 2016,ArduinoHelmet1,362,-0.050,-0.020,17,-0.0
Sat Mar 12 11:12:12 2016,ArduinoHelmet1,363,-0.050,-0.020,17,-0.0
Sat Mar 12 11:12:13 2016,ArduinoHelmet1,364,-0.050,-0.020,17,-0.0
Sat Mar 12 11:12:14 2016,ArduinoHelmet1,365,-0.050,-0.020,17,-0.0
Sat Mar 12 11:12:16 2016,ArduinoHelmet1,366,-0.050,-0.020,17,-0.0
Sat Mar 12 11:12:16 2016,ArduinoHelmet1,367,-0.050,-0.020,17,-0.0
Sat Mar 12 11:12:17 2016,ArduinoHelmet1,368,-0.050,-0.020,17,-0.0
Sat Mar 12 11:12:19 2016,ArduinoHelmet1,369,-0.050,-0.020,17,-0.0
Sat Mar 12 11:12:20 2016,ArduinoHelmet1,370,-0.050,0.000,17,0.0
Sat Mar 12 11:12:20 2016,ArduinoHelmet1,371,-0.050,-0.020,17,-0.0
Sat Mar 12 11:12:22 2016,ArduinoHelmet1,372,-0.030,-0.020,18,-0.0
Sat Mar 12 11:12:23 2016,ArduinoHelmet1,373,-0.030,-0.020,18,-0.0
Sat Mar 12 11:12:24 2016,ArduinoHelmet1,374,-0.050,-0.020,17,-0.0
Sat Mar 12 11:12:25 2016,ArduinoHelmet1,375,-0.050,-0.020,17,-0.0
Sat Mar 12 11:12:26 2016,ArduinoHelmet1,376,-0.050,-0.020,17,-0.0
Sat Mar 12 11:12:27 2016,ArduinoHelmet1,377,-0.050,-0.030,17,-0.0
Sat Mar 12 11:12:28 2016,ArduinoHelmet1,378,-0.050,-0.020,17,-0.0
Sat Mar 12 11:12:29 2016,ArduinoHelmet1,379,-0.050,-0.030,17,-0.0
Sat Mar 12 11:12:30 2016,ArduinoHelmet1,380,-0.050,-0.030,17,-0.0
Sat Mar 12 11:12:31 2016,ArduinoHelmet1,381,-0.050,-0.030,17,-0.0
Sat Mar 12 11:12:32 2016,ArduinoHelmet1,382,-0.050,-0.030,17,-0.0
Sat Mar 12 11:12:33 2016,ArduinoHelmet1,383,-0.050,-0.050,17,-0.1
Sat Mar 12 11:12:34 2016,ArduinoHelmet1,384,-0.050,-0.030,17,-0.0
Sat Mar 12 11:12:35 2016,ArduinoHelmet1,385,-0.050,-0.030,17,-0.0
Sat Mar 12 11:12:36 2016,ArduinoHelmet1,386,-0.050,-0.050,17,-0.1
Sat Mar 12 11:12:37 2016,ArduinoHelmet1,387,-0.050,-0.050,17,-0.1
Sat Mar 12 11:12:38 2016,ArduinoHelmet1,388,-0.050,-0.050,17,-0.1
Sat Mar 12 11:12:39 2016,ArduinoHelmet1,389,-0.050,-0.050,17,-0.1
Sat Mar 12 11:12:40 2016,ArduinoHelmet1,390,-0.050,-0.050,17,-0.1
Sat Mar 12 11:12:41 2016,ArduinoHelmet1,391,-0.050,-0.050,17,-0.1
Sat Mar 12 11:12:42 2016,ArduinoHelmet1,392,-0.050,-0.050,17,-0.1
Sat Mar 12 11:12:43 2016,ArduinoHelmet1,393,-0.050,-0.050,17,-0.1
Sat Mar 12 11:12:44 2016,ArduinoHelmet1,394,-0.050,-0.030,17,-0.0
Sat Mar 12 11:12:45 2016,ArduinoHelmet1,395,-0.050,-0.050,17,-0.1
Sat Mar 12 11:12:46 2016,ArduinoHelmet1,396,-0.050,-0.030,17,-0.0
Sat Mar 12 11:12:47 2016,ArduinoHelmet1,397,-0.050,-0.030,17,-0.0
Sat Mar 12 11:12:48 2016,ArduinoHelmet1,398,-0.050,-0.030,17,-0.0
Sat Mar 12 11:12:49 2016,ArduinoHelmet1,399,-0.050,-0.020,17,-0.0
Sat Mar 12 11:12:50 2016,ArduinoHelmet1,400,-0.050,-0.020,17,-0.0
Sat Mar 12 11:12:51 2016,ArduinoHelmet1,401,-0.050,-0.020,17,-0.0
Sat Mar 12 11:12:52 2016,ArduinoHelmet1,402,-0.050,-0.030,17,-0.0
Sat Mar 12 11:12:53 2016,ArduinoHelmet1,403,-0.060,-0.030,17,-0.0
Sat Mar 12 11:12:54 2016,ArduinoHelmet1,404,-0.050,-0.020,17,-0.0
Sat Mar 12 11:12:56 2016,ArduinoHelmet1,405,-0.050,-0.020,17,-0.0
Sat Mar 12 11:12:56 2016,ArduinoHelmet1,406,-0.050,-0.030,17,-0.0
Sat Mar 12 11:12:57 2016,ArduinoHelmet1,407,-0.050,-0.020,17,-0.0
Sat Mar 12 11:12:59 2016,ArduinoHelmet1,408,-0.050,-0.020,17,-0.0
Sat Mar 12 11:12:59 2016,ArduinoHelmet1,409,-0.050,-0.030,17,-0.0
Sat Mar 12 11:13:00 2016,ArduinoHelmet1,410,-0.050,-0.020,17,-0.0
Sat Mar 12 11:13:02 2016,ArduinoHelmet1,411,-0.050,-0.020,17,-0.0
Sat Mar 12 11:13:03 2016,ArduinoHelmet1,412,-0.050,-0.020,17,-0.0
Sat Mar 12 11:13:03 2016,ArduinoHelmet1,413,-0.050,-0.020,17,-0.0
Sat Mar 12 11:13:05 2016,ArduinoHelmet1,414,-0.050,-0.020,17,-0.0
Sat Mar 12 11:13:06 2016,ArduinoHelmet1,415,-0.050,-0.020,17,-0.0
Sat Mar 12 11:13:07 2016,ArduinoHelmet1,416,-0.050,-0.020,17,-0.0
Sat Mar 12 11:13:08 2016,ArduinoHelmet1,417,-0.050,-0.020,17,-0.0
Sat Mar 12 11:13:09 2016,ArduinoHelmet1,418,-0.050,-0.020,17,-0.0
Sat Mar 12 11:13:10 2016,ArduinoHelmet1,419,-0.050,-0.020,17,-0.0
Sat Mar 12 11:13:11 2016,ArduinoHelmet1,420,-0.050,-0.020,17,-0.0
Sat Mar 12 11:13:12 2016,ArduinoHelmet1,421,-0.050,-0.020,17,-0.0
Sat Mar 12 11:13:13 2016,ArduinoHelmet1,422,-0.050,-0.030,17,-0.0
Sat Mar 12 11:13:14 2016,ArduinoHelmet1,423,-0.060,-0.030,17,-0.0
Sat Mar 12 11:13:15 2016,ArduinoHelmet1,424,-0.060,-0.020,17,-0.0
Sat Mar 12 11:13:16 2016,ArduinoHelmet1,425,-0.050,-0.020,17,-0.0
Sat Mar 12 11:13:17 2016,ArduinoHelmet1,426,-0.050,-0.020,17,-0.0
Sat Mar 12 11:13:18 2016,ArduinoHelmet1,427,-0.050,-0.020,17,-0.0
Sat Mar 12 11:13:19 2016,ArduinoHelmet1,428,-0.050,-0.020,17,-0.0
Sat Mar 12 11:13:20 2016,ArduinoHelmet1,429,-0.050,-0.020,17,-0.0
Sat Mar 12 11:13:21 2016,ArduinoHelmet1,430,-0.050,-0.020,17,-0.0
Sat Mar 12 11:13:22 2016,ArduinoHelmet1,431,-0.050,-0.020,17,-0.0
Sat Mar 12 11:13:23 2016,ArduinoHelmet1,432,-0.050,-0.020,17,-0.0
Sat Mar 12 11:13:24 2016,ArduinoHelmet1,433,-0.050,-0.020,17,-0.0
Sat Mar 12 11:13:25 2016,ArduinoHelmet1,434,-0.060,-0.020,17,-0.0
Sat Mar 12 11:13:26 2016,ArduinoHelmet1,435,-0.050,-0.020,17,-0.0
Sat Mar 12 11:13:27 2016,ArduinoHelmet1,436,-0.060,-0.020,17,-0.0
Sat Mar 12 11:13:28 2016,ArduinoHelmet1,437,-0.060,-0.020,17,-0.0
Sat Mar 12 11:13:29 2016,ArduinoHelmet1,438,-0.060,-0.020,17,-0.0
Sat Mar 12 11:13:30 2016,ArduinoHelmet1,439,-0.050,-0.020,17,-0.0
Sat Mar 12 11:13:31 2016,ArduinoHelmet1,440,-0.050,-0.020,17,-0.0
Sat Mar 12 11:13:32 2016,ArduinoHelmet1,441,-0.050,-0.020,17,-0.0
Sat Mar 12 11:13:33 2016,ArduinoHelmet1,442,-0.060,-0.020,17,-0.0
Sat Mar 12 11:13:35 2016,ArduinoHelmet1,443,-0.060,-0.020,17,-0.0
Sat Mar 12 11:13:35 2016,ArduinoHelmet1,444,-0.050,-0.020,17,-0.0
Sat Mar 12 11:13:36 2016,ArduinoHelmet1,445,-0.060,-0.020,17,-0.0
Sat Mar 12 11:13:38 2016,ArduinoHelmet1,446,-0.060,-0.020,17,-0.0
Sat Mar 12 11:13:38 2016,ArduinoHelmet1,447,-0.060,-0.020,17,-0.0
Sat Mar 12 11:13:40 2016,ArduinoHelmet1,448,-0.060,-0.020,17,-0.0
Sat Mar 12 11:13:40 2016,ArduinoHelmet1,449,-0.050,-0.020,17,-0.0
Sat Mar 12 11:13:42 2016,ArduinoHelmet1,450,-0.060,-0.020,17,-0.0
Sat Mar 12 11:13:43 2016,ArduinoHelmet1,451,-0.060,-0.020,17,-0.0
Sat Mar 12 11:13:44 2016,ArduinoHelmet1,452,-0.060,-0.020,17,-0.0
Sat Mar 12 11:13:45 2016,ArduinoHelmet1,453,-0.050,-0.020,17,-0.0
Sat Mar 12 11:13:46 2016,ArduinoHelmet1,454,-0.050,-0.020,17,-0.0
Sat Mar 12 11:13:47 2016,ArduinoHelmet1,455,-0.050,-0.020,17,-0.0
Sat Mar 12 11:13:48 2016,ArduinoHelmet1,456,-0.060,-0.020,17,-0.0
Sat Mar 12 11:13:49 2016,ArduinoHelmet1,457,-0.060,-0.020,17,-0.0
Sat Mar 12 11:13:50 2016,ArduinoHelmet1,458,-0.060,-0.020,17,-0.0
Sat Mar 12 11:13:51 2016,ArduinoHelmet1,459,-0.060,-0.020,17,-0.0
Sat Mar 12 11:13:52 2016,ArduinoHelmet1,460,-0.050,-0.020,17,-0.0
Sat Mar 12 11:13:53 2016,ArduinoHelmet1,461,-0.060,-0.020,17,-0.0
Sat Mar 12 11:13:54 2016,ArduinoHelmet1,462,-0.060,-0.020,17,-0.0
Sat Mar 12 11:13:55 2016,ArduinoHelmet1,463,-0.060,-0.020,17,-0.0
Sat Mar 12 11:13:56 2016,ArduinoHelmet1,464,-0.050,-0.020,17,-0.0
Sat Mar 12 11:13:57 2016,ArduinoHelmet1,465,-0.060,-0.020,17,-0.0
Sat Mar 12 11:14:00 2016,ArduinoHelmet1,466,-0.050,-0.020,17,-0.0
Sat Mar 12 11:14:00 2016,ArduinoHelmet1,467,-0.050,-0.020,17,-0.0
Sat Mar 12 11:14:00 2016,ArduinoHelmet1,468,-0.060,-0.020,17,-0.0
Sat Mar 12 11:14:01 2016,ArduinoHelmet1,469,-0.050,-0.020,17,-0.0
Sat Mar 12 11:14:02 2016,ArduinoHelmet1,470,-0.050,-0.020,17,-0.0
Sat Mar 12 11:14:03 2016,ArduinoHelmet1,471,-0.060,-0.020,17,-0.0
Sat Mar 12 11:14:04 2016,ArduinoHelmet1,472,-0.050,-0.020,17,-0.0
Sat Mar 12 11:14:05 2016,ArduinoHelmet1,473,-0.060,-0.020,17,-0.0
Sat Mar 12 11:14:06 2016,ArduinoHelmet1,474,-0.060,-0.020,17,-0.0
Sat Mar 12 11:14:08 2016,ArduinoHelmet1,475,-0.060,-0.020,17,-0.0
Sat Mar 12 11:14:08 2016,ArduinoHelmet1,476,-0.050,-0.020,17,-0.0
Sat Mar 12 11:14:10 2016,ArduinoHelmet1,477,-0.060,-0.020,17,-0.0
Sat Mar 12 11:14:11 2016,ArduinoHelmet1,478,-0.060,-0.020,17,-0.0
Sat Mar 12 11:14:11 2016,ArduinoHelmet1,479,-0.060,-0.020,17,-0.0
Sat Mar 12 11:14:13 2016,ArduinoHelmet1,480,-0.060,-0.020,17,-0.0
Sat Mar 12 11:14:14 2016,ArduinoHelmet1,481,-0.060,-0.020,17,-0.0
Sat Mar 12 11:14:15 2016,ArduinoHelmet1,482,-0.060,-0.020,17,-0.0
Sat Mar 12 11:14:16 2016,ArduinoHelmet1,483,-0.060,-0.020,17,-0.0
Sat Mar 12 11:14:17 2016,ArduinoHelmet1,484,-0.060,-0.020,17,-0.0
Sat Mar 12 11:14:18 2016,ArduinoHelmet1,485,-0.060,-0.020,17,-0.0
Sat Mar 12 11:14:19 2016,ArduinoHelmet1,486,-0.060,-0.020,17,-0.0
Sat Mar 12 11:14:20 2016,ArduinoHelmet1,487,-0.060,-0.020,17,-0.0
Sat Mar 12 11:14:21 2016,ArduinoHelmet1,488,-0.060,-0.020,17,-0.0
Sat Mar 12 11:14:22 2016,ArduinoHelmet1,489,-0.050,-0.020,17,-0.0
Sat Mar 12 11:14:23 2016,ArduinoHelmet1,490,-0.060,-0.020,17,-0.0
Sat Mar 12 11:14:24 2016,ArduinoHelmet1,491,-0.060,-0.020,17,-0.0
Sat Mar 12 11:14:25 2016,ArduinoHelmet1,492,-0.060,-0.020,17,-0.0
Sat Mar 12 11:14:26 2016,ArduinoHelmet1,493,-0.050,-0.020,17,-0.0
Sat Mar 12 11:14:27 2016,ArduinoHelmet1,494,-0.050,-0.020,17,-0.0
Sat Mar 12 11:14:28 2016,ArduinoHelmet1,495,-0.050,-0.020,17,-0.0
Sat Mar 12 11:14:29 2016,ArduinoHelmet1,496,-0.060,-0.030,17,-0.0
Sat Mar 12 11:14:30 2016,ArduinoHelmet1,497,-0.060,-0.020,17,-0.0
Sat Mar 12 11:14:31 2016,ArduinoHelmet1,498,-0.060,-0.020,17,-0.0
Sat Mar 12 11:14:34 2016,ArduinoHelmet1,499,-0.060,-0.020,17,-0.0
Sat Mar 12 11:14:34 2016,ArduinoHelmet1,500,-0.060,-0.020,17,-0.0
Sat Mar 12 11:14:34 2016,ArduinoHelmet1,501,-0.060,-0.020,17,-0.0
Sat Mar 12 11:14:35 2016,ArduinoHelmet1,502,-0.060,-0.020,17,-0.0
Sat Mar 12 11:14:36 2016,ArduinoHelmet1,503,-0.060,-0.020,17,-0.0
Sat Mar 12 11:14:37 2016,ArduinoHelmet1,504,-0.060,-0.030,17,-0.0
Sat Mar 12 11:14:38 2016,ArduinoHelmet1,505,-0.060,-0.030,17,-0.0
Sat Mar 12 11:14:39 2016,ArduinoHelmet1,506,-0.060,-0.020,17,-0.0
Sat Mar 12 11:14:40 2016,ArduinoHelmet1,507,-0.060,-0.020,17,-0.0
Sat Mar 12 11:14:41 2016,ArduinoHelmet1,508,-0.060,-0.020,17,-0.0
Sat Mar 12 11:14:43 2016,ArduinoHelmet1,509,-0.060,-0.020,17,-0.0
Sat Mar 12 11:14:43 2016,ArduinoHelmet1,510,-0.060,0.000,17,0.0
Sat Mar 12 11:14:45 2016,ArduinoHelmet1,511,-0.050,-0.020,17,-0.0
Sat Mar 12 11:14:46 2016,ArduinoHelmet1,512,-0.050,-0.020,17,-0.0
Sat Mar 12 11:14:47 2016,ArduinoHelmet1,513,-0.060,-0.020,17,-0.0
Sat Mar 12 11:14:48 2016,ArduinoHelmet1,514,-0.060,-0.020,17,-0.0
Sat Mar 12 11:14:49 2016,ArduinoHelmet1,515,-0.060,-0.030,17,-0.0
Sat Mar 12 11:14:50 2016,ArduinoHelmet1,516,-0.060,-0.030,17,-0.0
Sat Mar 12 11:14:51 2016,ArduinoHelmet1,517,-0.060,-0.050,17,-0.1
Sat Mar 12 11:14:52 2016,ArduinoHelmet1,518,-0.060,-0.030,17,-0.0
Sat Mar 12 11:14:53 2016,ArduinoHelmet1,519,-0.050,-0.020,17,-0.0
Sat Mar 12 11:14:54 2016,ArduinoHelmet1,520,-0.060,-0.020,17,-0.0
Sat Mar 12 11:14:55 2016,ArduinoHelmet1,521,-0.050,-0.020,17,-0.0
Sat Mar 12 11:14:56 2016,ArduinoHelmet1,522,-0.060,-0.020,17,-0.0
Sat Mar 12 11:14:57 2016,ArduinoHelmet1,523,-0.060,-0.020,17,-0.0
Sat Mar 12 11:14:58 2016,ArduinoHelmet1,524,-0.050,-0.020,17,-0.0
Sat Mar 12 11:14:59 2016,ArduinoHelmet1,525,-0.060,-0.020,17,-0.0
Sat Mar 12 11:15:00 2016,ArduinoHelmet1,526,-0.060,-0.030,17,-0.0
Sat Mar 12 11:15:01 2016,ArduinoHelmet1,527,-0.060,-0.020,17,-0.0
Sat Mar 12 11:15:02 2016,ArduinoHelmet1,528,-0.060,-0.030,17,-0.0
Sat Mar 12 11:15:03 2016,ArduinoHelmet1,529,-0.060,-0.020,17,-0.0
Sat Mar 12 11:15:09 2016,ArduinoHelmet1,530,-0.060,-0.030,17,-0.0
Sat Mar 12 11:15:09 2016,ArduinoHelmet1,531,-0.060,-0.020,17,-0.0
Sat Mar 12 11:15:09 2016,ArduinoHelmet1,532,-0.060,-0.030,17,-0.0
Sat Mar 12 11:15:09 2016,ArduinoHelmet1,533,-0.060,-0.030,17,-0.0
Sat Mar 12 11:15:09 2016,ArduinoHelmet1,534,-0.060,-0.020,17,-0.0
Sat Mar 12 11:15:09 2016,ArduinoHelmet1,535,-0.060,-0.020,17,-0.0
Sat Mar 12 11:15:10 2016,ArduinoHelmet1,536,-0.060,-0.020,17,-0.0
Sat Mar 12 11:15:11 2016,ArduinoHelmet1,537,-0.060,-0.020,17,-0.0
Sat Mar 12 11:15:12 2016,ArduinoHelmet1,538,-0.060,-0.020,17,-0.0
Sat Mar 12 11:15:14 2016,ArduinoHelmet1,539,-0.060,-0.030,17,-0.0
Sat Mar 12 11:15:14 2016,ArduinoHelmet1,540,-0.060,-0.020,17,-0.0
Sat Mar 12 11:15:15 2016,ArduinoHelmet1,541,-0.060,-0.020,17,-0.0
Sat Mar 12 11:15:17 2016,ArduinoHelmet1,542,-0.060,-0.020,17,-0.0
Sat Mar 12 11:15:17 2016,ArduinoHelmet1,543,-0.060,-0.020,17,-0.0
Sat Mar 12 11:15:18 2016,ArduinoHelmet1,544,-0.060,-0.020,17,-0.0
Sat Mar 12 11:15:20 2016,ArduinoHelmet1,545,-0.060,-0.020,17,-0.0
Sat Mar 12 11:15:21 2016,ArduinoHelmet1,546,-0.060,-0.020,17,-0.0
Sat Mar 12 11:15:22 2016,ArduinoHelmet1,547,-0.060,-0.030,17,-0.0
Sat Mar 12 11:15:23 2016,ArduinoHelmet1,548,-0.060,-0.020,17,-0.0
Sat Mar 12 11:15:24 2016,ArduinoHelmet1,549,-0.060,-0.030,17,-0.0
Sat Mar 12 11:15:25 2016,ArduinoHelmet1,550,-0.060,-0.030,17,-0.0
Sat Mar 12 11:15:26 2016,ArduinoHelmet1,551,-0.060,-0.030,17,-0.0
Sat Mar 12 11:15:27 2016,ArduinoHelmet1,552,-0.060,-0.030,17,-0.0
Sat Mar 12 11:15:28 2016,ArduinoHelmet1,553,-0.060,-0.030,17,-0.0
Sat Mar 12 11:15:29 2016,ArduinoHelmet1,554,-0.060,-0.030,17,-0.0
Sat Mar 12 11:15:30 2016,ArduinoHelmet1,555,-0.060,-0.030,17,-0.0
Sat Mar 12 11:15:31 2016,ArduinoHelmet1,556,-0.060,-0.030,17,-0.0
Sat Mar 12 11:15:32 2016,ArduinoHelmet1,557,-0.060,-0.030,17,-0.0
Sat Mar 12 11:15:33 2016,ArduinoHelmet1,558,-0.060,-0.030,17,-0.0
Sat Mar 12 11:15:34 2016,ArduinoHelmet1,559,-0.060,-0.020,17,-0.0
Sat Mar 12 11:15:35 2016,ArduinoHelmet1,560,-0.060,-0.030,17,-0.0
Sat Mar 12 11:15:36 2016,ArduinoHelmet1,561,-0.060,-0.030,17,-0.0
Sat Mar 12 11:15:37 2016,ArduinoHelmet1,562,-0.060,-0.020,17,-0.0
Sat Mar 12 11:15:38 2016,ArduinoHelmet1,563,-0.060,-0.030,17,-0.0
Sat Mar 12 11:15:39 2016,ArduinoHelmet1,564,-0.060,-0.030,17,-0.0
Sat Mar 12 11:15:40 2016,ArduinoHelmet1,565,-0.060,-0.030,17,-0.0
Sat Mar 12 11:15:41 2016,ArduinoHelmet1,566,-0.060,-0.030,17,-0.0
Sat Mar 12 11:15:42 2016,ArduinoHelmet1,567,-0.060,-0.030,17,-0.0
Sat Mar 12 11:15:43 2016,ArduinoHelmet1,568,-0.060,-0.030,17,-0.0
Sat Mar 12 11:15:44 2016,ArduinoHelmet1,569,-0.060,-0.030,17,-0.0
Sat Mar 12 11:15:45 2016,ArduinoHelmet1,570,-0.060,-0.020,17,-0.0
Sat Mar 12 11:15:46 2016,ArduinoHelmet1,571,-0.060,-0.020,17,-0.0
Sat Mar 12 11:15:47 2016,ArduinoHelmet1,572,-0.060,-0.020,17,-0.0
Sat Mar 12 11:15:48 2016,ArduinoHelmet1,573,-0.060,-0.030,17,-0.0
Sat Mar 12 11:15:49 2016,ArduinoHelmet1,574,-0.060,-0.030,17,-0.0
Sat Mar 12 11:15:50 2016,ArduinoHelmet1,575,-0.060,-0.030,17,-0.0
Sat Mar 12 11:15:51 2016,ArduinoHelmet1,576,-0.060,-0.020,17,-0.0
Sat Mar 12 11:15:52 2016,ArduinoHelmet1,577,-0.060,-0.020,17,-0.0
Sat Mar 12 11:15:53 2016,ArduinoHelmet1,578,-0.060,-0.020,17,-0.0
Sat Mar 12 11:15:54 2016,ArduinoHelmet1,579,-0.060,-0.020,17,-0.0
Sat Mar 12 11:15:56 2016,ArduinoHelmet1,580,-0.060,-0.020,17,-0.0
Sat Mar 12 11:15:57 2016,ArduinoHelmet1,581,-0.060,-0.030,17,-0.0
Sat Mar 12 11:15:57 2016,ArduinoHelmet1,582,-0.060,-0.030,17,-0.0
Sat Mar 12 11:15:59 2016,ArduinoHelmet1,583,-0.060,-0.030,17,-0.0
Sat Mar 12 11:16:00 2016,ArduinoHelmet1,584,-0.060,-0.030,17,-0.0
Sat Mar 12 11:16:01 2016,ArduinoHelmet1,585,-0.060,-0.050,17,-0.1
Sat Mar 12 11:16:02 2016,ArduinoHelmet1,586,-0.060,-0.030,17,-0.0
Sat Mar 12 11:16:03 2016,ArduinoHelmet1,587,-0.060,-0.020,17,-0.0
Sat Mar 12 11:16:04 2016,ArduinoHelmet1,588,-0.060,-0.030,17,-0.0
Sat Mar 12 11:16:05 2016,ArduinoHelmet1,589,-0.060,-0.020,17,-0.0
Sat Mar 12 11:16:06 2016,ArduinoHelmet1,590,-0.060,-0.020,17,-0.0
Sat Mar 12 11:16:07 2016,ArduinoHelmet1,591,-0.060,-0.020,17,-0.0
Sat Mar 12 11:16:08 2016,ArduinoHelmet1,592,-0.060,-0.030,17,-0.0
Sat Mar 12 11:16:09 2016,ArduinoHelmet1,593,-0.060,-0.030,17,-0.0
Sat Mar 12 11:16:10 2016,ArduinoHelmet1,594,-0.060,-0.030,17,-0.0
Sat Mar 12 11:16:11 2016,ArduinoHelmet1,595,-0.060,-0.020,17,-0.0
Sat Mar 12 11:16:12 2016,ArduinoHelmet1,596,-0.060,-0.020,17,-0.0
Sat Mar 12 11:16:13 2016,ArduinoHelmet1,597,-0.060,-0.020,17,-0.0
Sat Mar 12 11:16:14 2016,ArduinoHelmet1,598,-0.060,-0.020,17,-0.0
Sat Mar 12 11:16:15 2016,ArduinoHelmet1,599,-0.060,-0.020,17,-0.0
Sat Mar 12 11:16:16 2016,ArduinoHelmet1,600,-0.060,-0.020,17,-0.0
Sat Mar 12 11:16:17 2016,ArduinoHelmet1,601,-0.060,-0.020,17,-0.0
Sat Mar 12 11:16:18 2016,ArduinoHelmet1,602,-0.060,-0.020,17,-0.0
Sat Mar 12 11:16:19 2016,ArduinoHelmet1,603,-0.060,-0.020,17,-0.0
Sat Mar 12 11:16:20 2016,ArduinoHelmet1,604,-0.060,-0.020,17,-0.0
Sat Mar 12 11:16:21 2016,ArduinoHelmet1,605,-0.060,-0.020,17,-0.0
Sat Mar 12 11:16:22 2016,ArduinoHelmet1,606,-0.060,-0.020,17,-0.0
Sat Mar 12 11:16:23 2016,ArduinoHelmet1,607,-0.060,-0.020,17,-0.0
Sat Mar 12 11:16:24 2016,ArduinoHelmet1,608,-0.060,-0.020,17,-0.0
Sat Mar 12 11:16:25 2016,ArduinoHelmet1,609,-0.060,-0.030,17,-0.0
Sat Mar 12 11:16:26 2016,ArduinoHelmet1,610,-0.060,-0.030,17,-0.0
Sat Mar 12 11:16:27 2016,ArduinoHelmet1,611,-0.060,-0.030,17,-0.0
Sat Mar 12 11:16:28 2016,ArduinoHelmet1,612,-0.060,-0.020,17,-0.0
Sat Mar 12 11:16:29 2016,ArduinoHelmet1,613,-0.060,-0.020,17,-0.0
Sat Mar 12 11:16:30 2016,ArduinoHelmet1,614,-0.060,-0.020,17,-0.0
Sat Mar 12 11:16:31 2016,ArduinoHelmet1,615,-0.060,-0.020,17,-0.0
Sat Mar 12 11:16:33 2016,ArduinoHelmet1,616,-0.060,-0.020,17,-0.0
Sat Mar 12 11:16:33 2016,ArduinoHelmet1,617,-0.060,-0.030,17,-0.0
Sat Mar 12 11:16:35 2016,ArduinoHelmet1,618,-0.060,-0.030,17,-0.0
Sat Mar 12 11:16:36 2016,ArduinoHelmet1,619,-0.060,-0.030,17,-0.0
Sat Mar 12 11:16:37 2016,ArduinoHelmet1,620,-0.060,-0.030,17,-0.0
Sat Mar 12 11:16:38 2016,ArduinoHelmet1,621,-0.060,-0.030,17,-0.0
Sat Mar 12 11:16:39 2016,ArduinoHelmet1,622,-0.060,-0.030,17,-0.0
Sat Mar 12 11:16:40 2016,ArduinoHelmet1,623,-0.060,-0.030,17,-0.0
Sat Mar 12 11:16:41 2016,ArduinoHelmet1,624,-0.060,-0.030,17,-0.0
Sat Mar 12 11:16:42 2016,ArduinoHelmet1,625,-0.060,-0.020,17,-0.0
Sat Mar 12 11:16:43 2016,ArduinoHelmet1,626,-0.060,-0.030,17,-0.0
Sat Mar 12 11:16:44 2016,ArduinoHelmet1,627,-0.060,-0.020,17,-0.0
Sat Mar 12 11:16:45 2016,ArduinoHelmet1,628,-0.060,-0.020,17,-0.0
Sat Mar 12 11:16:46 2016,ArduinoHelmet1,629,-0.060,-0.020,17,-0.0
Sat Mar 12 11:16:47 2016,ArduinoHelmet1,630,-0.060,-0.020,17,-0.0
Sat Mar 12 11:16:48 2016,ArduinoHelmet1,631,-0.060,-0.020,17,-0.0
Sat Mar 12 11:16:49 2016,ArduinoHelmet1,632,-0.060,-0.020,17,-0.0
Sat Mar 12 11:16:50 2016,ArduinoHelmet1,633,-0.060,-0.030,17,-0.0
Sat Mar 12 11:16:51 2016,ArduinoHelmet1,634,-0.060,-0.030,17,-0.0
Sat Mar 12 11:16:52 2016,ArduinoHelmet1,635,-0.080,-0.020,17,-0.0
Sat Mar 12 11:16:53 2016,ArduinoHelmet1,636,-0.080,-0.020,17,-0.0
Sat Mar 12 11:16:54 2016,ArduinoHelmet1,637,-0.060,-0.030,17,-0.0
Sat Mar 12 11:16:55 2016,ArduinoHelmet1,638,-0.060,-0.030,17,-0.0
Sat Mar 12 11:16:56 2016,ArduinoHelmet1,639,-0.060,-0.030,17,-0.0
Sat Mar 12 11:16:57 2016,ArduinoHelmet1,640,-0.060,-0.020,17,-0.0
Sat Mar 12 11:16:58 2016,ArduinoHelmet1,641,-0.060,-0.020,17,-0.0
Sat Mar 12 11:16:59 2016,ArduinoHelmet1,642,-0.060,-0.020,17,-0.0
Sat Mar 12 11:17:00 2016,ArduinoHelmet1,643,-0.060,-0.020,17,-0.0
Sat Mar 12 11:17:01 2016,ArduinoHelmet1,644,-0.080,-0.020,17,-0.0
Sat Mar 12 11:17:02 2016,ArduinoHelmet1,645,-0.060,-0.020,17,-0.0
Sat Mar 12 11:17:03 2016,ArduinoHelmet1,646,-0.080,-0.020,17,-0.0
Sat Mar 12 11:17:04 2016,ArduinoHelmet1,647,-0.080,0.000,17,0.0
Sat Mar 12 11:17:06 2016,ArduinoHelmet1,648,-0.060,-0.020,17,-0.0
Sat Mar 12 11:17:08 2016,ArduinoHelmet1,649,-0.060,-0.020,17,-0.0
Sat Mar 12 11:17:08 2016,ArduinoHelmet1,650,-0.080,-0.020,17,-0.0
Sat Mar 12 11:17:09 2016,ArduinoHelmet1,651,-0.060,-0.020,17,-0.0
Sat Mar 12 11:17:09 2016,ArduinoHelmet1,652,-0.060,-0.030,17,-0.0
Sat Mar 12 11:17:10 2016,ArduinoHelmet1,653,-0.080,-0.030,17,-0.0
Sat Mar 12 11:17:11 2016,ArduinoHelmet1,654,-0.080,-0.030,17,-0.0
Sat Mar 12 11:17:12 2016,ArduinoHelmet1,655,-0.060,-0.050,17,-0.1
Sat Mar 12 11:17:13 2016,ArduinoHelmet1,656,-0.060,-0.030,17,-0.0
Sat Mar 12 11:17:14 2016,ArduinoHelmet1,657,-0.080,-0.030,17,-0.0
Sat Mar 12 11:17:15 2016,ArduinoHelmet1,658,-0.060,-0.020,17,-0.0
Sat Mar 12 11:17:19 2016,ArduinoHelmet1,659,-0.060,-0.020,17,-0.0
Sat Mar 12 11:17:20 2016,ArduinoHelmet1,660,-0.060,-0.020,17,-0.0
Sat Mar 12 11:17:20 2016,ArduinoHelmet1,661,-0.060,-0.020,17,-0.0
Sat Mar 12 11:17:20 2016,ArduinoHelmet1,662,-0.080,-0.030,17,-0.0
Sat Mar 12 11:17:21 2016,ArduinoHelmet1,663,-0.080,-0.020,17,-0.0
Sat Mar 12 11:17:22 2016,ArduinoHelmet1,664,-0.080,-0.020,17,-0.0
Sat Mar 12 11:17:23 2016,ArduinoHelmet1,665,-0.080,-0.020,17,-0.0
Sat Mar 12 11:17:24 2016,ArduinoHelmet1,666,-0.080,-0.020,17,-0.0
Sat Mar 12 11:17:25 2016,ArduinoHelmet1,667,-0.080,-0.020,17,-0.0
Sat Mar 12 11:17:26 2016,ArduinoHelmet1,668,-0.080,-0.020,17,-0.0
Sat Mar 12 11:17:27 2016,ArduinoHelmet1,669,-0.080,-0.020,17,-0.0
Sat Mar 12 11:17:28 2016,ArduinoHelmet1,670,-0.060,-0.020,17,-0.0
Sat Mar 12 11:17:29 2016,ArduinoHelmet1,671,-0.060,-0.020,17,-0.0
Sat Mar 12 11:17:30 2016,ArduinoHelmet1,672,-0.060,-0.020,17,-0.0
Sat Mar 12 11:17:31 2016,ArduinoHelmet1,673,-0.080,-0.020,17,-0.0
Sat Mar 12 11:17:32 2016,ArduinoHelmet1,674,-0.080,-0.020,17,-0.0
Sat Mar 12 11:17:33 2016,ArduinoHelmet1,675,-0.080,-0.020,17,-0.0
Sat Mar 12 11:17:34 2016,ArduinoHelmet1,676,-0.080,-0.020,17,-0.0
Sat Mar 12 11:17:35 2016,ArduinoHelmet1,677,-0.080,-0.020,17,-0.0
Sat Mar 12 11:17:36 2016,ArduinoHelmet1,678,-0.080,-0.030,17,-0.0
Sat Mar 12 11:17:37 2016,ArduinoHelmet1,679,-0.080,-0.020,17,-0.0
Sat Mar 12 11:17:40 2016,ArduinoHelmet1,680,-0.080,-0.030,17,-0.0
Sat Mar 12 11:17:42 2016,ArduinoHelmet1,681,-0.080,-0.020,17,-0.0
Sat Mar 12 11:17:42 2016,ArduinoHelmet1,682,-0.080,-0.020,17,-0.0
Sat Mar 12 11:17:42 2016,ArduinoHelmet1,683,-0.080,-0.020,17,-0.0
Sat Mar 12 11:17:42 2016,ArduinoHelmet1,684,-0.080,-0.020,17,-0.0
Sat Mar 12 11:17:43 2016,ArduinoHelmet1,685,-0.080,-0.020,17,-0.0
Sat Mar 12 11:17:44 2016,ArduinoHelmet1,686,-0.080,-0.020,17,-0.0
Sat Mar 12 11:17:45 2016,ArduinoHelmet1,687,-0.080,-0.020,17,-0.0
Sat Mar 12 11:17:46 2016,ArduinoHelmet1,688,-0.080,-0.020,17,-0.0
Sat Mar 12 11:17:47 2016,ArduinoHelmet1,689,-0.080,-0.020,17,-0.0
Sat Mar 12 11:17:48 2016,ArduinoHelmet1,690,-0.080,-0.020,17,-0.0
Sat Mar 12 11:17:49 2016,ArduinoHelmet1,691,-0.060,-0.020,17,-0.0
Sat Mar 12 11:17:51 2016,ArduinoHelmet1,692,-0.080,-0.020,17,-0.0
Sat Mar 12 11:17:51 2016,ArduinoHelmet1,693,-0.080,-0.020,17,-0.0
Sat Mar 12 11:17:52 2016,ArduinoHelmet1,694,-0.080,-0.030,17,-0.0
Sat Mar 12 11:17:54 2016,ArduinoHelmet1,695,-0.080,-0.020,17,-0.0
Sat Mar 12 11:17:55 2016,ArduinoHelmet1,696,-0.080,-0.030,17,-0.0
Sat Mar 12 11:17:55 2016,ArduinoHelmet1,697,-0.080,-0.030,17,-0.0
Sat Mar 12 11:17:56 2016,ArduinoHelmet1,698,-0.080,-0.020,17,-0.0
Sat Mar 12 11:17:57 2016,ArduinoHelmet1,699,-0.080,-0.020,17,-0.0
Sat Mar 12 11:17:59 2016,ArduinoHelmet1,700,-0.080,-0.020,17,-0.0
Sat Mar 12 11:17:59 2016,ArduinoHelmet1,701,-0.080,-0.020,17,-0.0
Sat Mar 12 11:18:01 2016,ArduinoHelmet1,702,-0.060,-0.020,17,-0.0
Sat Mar 12 11:18:01 2016,ArduinoHelmet1,703,-0.080,-0.020,17,-0.0
Sat Mar 12 11:18:03 2016,ArduinoHelmet1,704,-0.080,-0.020,17,-0.0
Sat Mar 12 11:18:04 2016,ArduinoHelmet1,705,-0.080,-0.030,17,-0.0
Sat Mar 12 11:18:05 2016,ArduinoHelmet1,706,-0.080,-0.020,17,-0.0
Sat Mar 12 11:18:06 2016,ArduinoHelmet1,707,-0.080,-0.020,17,-0.0
Sat Mar 12 11:18:07 2016,ArduinoHelmet1,708,-0.080,-0.020,17,-0.0
Sat Mar 12 11:18:08 2016,ArduinoHelmet1,709,-0.080,-0.020,17,-0.0
Sat Mar 12 11:18:09 2016,ArduinoHelmet1,710,-0.080,-0.020,17,-0.0
Sat Mar 12 11:18:10 2016,ArduinoHelmet1,711,-0.080,-0.020,17,-0.0
Sat Mar 12 11:18:12 2016,ArduinoHelmet1,712,-0.060,-0.020,17,-0.0
Sat Mar 12 11:18:15 2016,ArduinoHelmet1,713,-0.060,-0.030,17,-0.0
Sat Mar 12 11:18:15 2016,ArduinoHelmet1,714,-0.060,-0.030,17,-0.0
Sat Mar 12 11:18:15 2016,ArduinoHelmet1,715,-0.060,-0.020,17,-0.0
Sat Mar 12 11:18:16 2016,ArduinoHelmet1,716,-0.060,-0.020,17,-0.0
Sat Mar 12 11:18:17 2016,ArduinoHelmet1,717,-0.060,-0.020,17,-0.0
Sat Mar 12 11:18:18 2016,ArduinoHelmet1,718,-0.060,-0.020,17,-0.0
Sat Mar 12 11:18:18 2016,ArduinoHelmet1,719,-0.060,-0.030,17,-0.0
Sat Mar 12 11:18:22 2016,ArduinoHelmet1,720,-0.060,-0.030,17,-0.0
Sat Mar 12 11:18:23 2016,ArduinoHelmet1,721,-0.060,-0.020,17,-0.0
Sat Mar 12 11:18:25 2016,ArduinoHelmet1,722,-0.060,-0.030,17,-0.0
Sat Mar 12 11:18:25 2016,ArduinoHelmet1,723,-0.080,-0.020,17,-0.0
Sat Mar 12 11:18:25 2016,ArduinoHelmet1,724,-0.080,-0.020,17,-0.0
Sat Mar 12 11:18:25 2016,ArduinoHelmet1,725,-0.060,-0.020,17,-0.0
Sat Mar 12 11:18:30 2016,ArduinoHelmet1,726,-0.060,-0.020,17,-0.0
Sat Mar 12 11:18:30 2016,ArduinoHelmet1,727,-0.060,-0.020,17,-0.0
Sat Mar 12 11:18:30 2016,ArduinoHelmet1,728,-0.060,-0.020,17,-0.0
Sat Mar 12 11:18:30 2016,ArduinoHelmet1,729,-0.060,-0.020,17,-0.0
Sat Mar 12 11:18:30 2016,ArduinoHelmet1,730,-0.060,-0.020,17,-0.0
Sat Mar 12 11:18:31 2016,ArduinoHelmet1,731,-0.060,-0.020,17,-0.0
Sat Mar 12 11:18:31 2016,ArduinoHelmet1,732,-0.060,-0.020,17,-0.0
Sat Mar 12 11:18:33 2016,ArduinoHelmet1,733,-0.060,-0.020,17,-0.0
Sat Mar 12 11:18:33 2016,ArduinoHelmet1,734,-0.060,-0.030,17,-0.0
Sat Mar 12 11:18:34 2016,ArduinoHelmet1,735,-0.060,-0.020,17,-0.0
Sat Mar 12 11:18:36 2016,ArduinoHelmet1,736,-0.060,-0.020,17,-0.0
Sat Mar 12 11:18:36 2016,ArduinoHelmet1,737,-0.060,-0.020,17,-0.0
Sat Mar 12 11:18:38 2016,ArduinoHelmet1,738,-0.060,-0.020,17,-0.0
Sat Mar 12 11:18:39 2016,ArduinoHelmet1,739,-0.060,-0.020,17,-0.0
Sat Mar 12 11:18:40 2016,ArduinoHelmet1,740,-0.060,0.000,17,0.0
Sat Mar 12 11:18:41 2016,ArduinoHelmet1,741,-0.060,-0.020,17,-0.0
Sat Mar 12 11:18:42 2016,ArduinoHelmet1,742,-0.060,-0.020,17,-0.0
Sat Mar 12 11:18:43 2016,ArduinoHelmet1,743,-0.060,-0.020,17,-0.0
Sat Mar 12 11:18:44 2016,ArduinoHelmet1,744,-0.060,-0.020,17,-0.0
Sat Mar 12 11:18:45 2016,ArduinoHelmet1,745,-0.060,-0.030,17,-0.0
Sat Mar 12 11:18:46 2016,ArduinoHelmet1,746,-0.060,-0.020,17,-0.0
Sat Mar 12 11:18:47 2016,ArduinoHelmet1,747,-0.060,-0.020,17,-0.0
Sat Mar 12 11:18:48 2016,ArduinoHelmet1,748,-0.060,-0.020,17,-0.0
Sat Mar 12 11:18:49 2016,ArduinoHelmet1,749,-0.060,-0.020,17,-0.0
Sat Mar 12 11:18:56 2016,ArduinoHelmet1,750,-0.060,-0.020,17,-0.0
Sat Mar 12 11:18:56 2016,ArduinoHelmet1,751,-0.060,-0.020,17,-0.0
Sat Mar 12 11:18:56 2016,ArduinoHelmet1,752,-0.060,-0.020,17,-0.0
Sat Mar 12 11:18:56 2016,ArduinoHelmet1,753,-0.060,-0.020,17,-0.0
Sat Mar 12 11:18:56 2016,ArduinoHelmet1,754,-0.060,-0.020,17,-0.0
Sat Mar 12 11:18:56 2016,ArduinoHelmet1,755,-0.060,-0.020,17,-0.0
Sat Mar 12 11:18:56 2016,ArduinoHelmet1,756,-0.060,-0.020,17,-0.0
Sat Mar 12 11:18:57 2016,ArduinoHelmet1,757,-0.060,-0.020,17,-0.0
Sat Mar 12 11:18:58 2016,ArduinoHelmet1,758,-0.060,-0.020,17,-0.0
Sat Mar 12 11:18:59 2016,ArduinoHelmet1,759,-0.060,-0.020,17,-0.0
Sat Mar 12 11:19:00 2016,ArduinoHelmet1,760,-0.060,-0.020,17,-0.0
Sat Mar 12 11:19:01 2016,ArduinoHelmet1,761,-0.060,-0.020,17,-0.0
Sat Mar 12 11:19:02 2016,ArduinoHelmet1,762,-0.060,-0.020,17,-0.0
Sat Mar 12 11:19:03 2016,ArduinoHelmet1,763,-0.060,0.000,17,0.0
Sat Mar 12 11:19:05 2016,ArduinoHelmet1,764,-0.060,-0.020,17,-0.0
Sat Mar 12 11:19:05 2016,ArduinoHelmet1,765,-0.060,0.000,17,0.0
Sat Mar 12 11:19:06 2016,ArduinoHelmet1,766,-0.060,0.000,17,0.0
Sat Mar 12 11:19:07 2016,ArduinoHelmet1,767,-0.060,0.000,17,0.0
Sat Mar 12 11:19:08 2016,ArduinoHelmet1,768,-0.060,0.020,17,0.1
Sat Mar 12 11:19:09 2016,ArduinoHelmet1,769,-0.060,0.020,17,0.1
Sat Mar 12 11:19:10 2016,ArduinoHelmet1,770,-0.060,-0.030,17,-0.0
Sat Mar 12 11:19:12 2016,ArduinoHelmet1,771,-0.060,-0.030,17,-0.0
Sat Mar 12 11:19:13 2016,ArduinoHelmet1,772,-0.060,-0.030,17,-0.0
Sat Mar 12 11:19:13 2016,ArduinoHelmet1,773,-0.060,-0.030,17,-0.0
Sat Mar 12 11:19:15 2016,ArduinoHelmet1,774,-0.060,-0.020,17,-0.0
Sat Mar 12 11:19:16 2016,ArduinoHelmet1,775,-0.050,0.020,17,0.1
Sat Mar 12 11:19:17 2016,ArduinoHelmet1,776,-0.060,0.050,17,0.2
Sat Mar 12 11:19:18 2016,ArduinoHelmet1,777,-0.060,0.050,17,0.2
Sat Mar 12 11:19:19 2016,ArduinoHelmet1,778,-0.050,0.050,17,0.2
Sat Mar 12 11:19:20 2016,ArduinoHelmet1,779,-0.050,0.060,17,0.2
Sat Mar 12 11:19:21 2016,ArduinoHelmet1,780,-0.050,0.060,17,0.2
Sat Mar 12 11:19:22 2016,ArduinoHelmet1,781,-0.050,0.060,17,0.2
Sat Mar 12 11:19:23 2016,ArduinoHelmet1,782,-0.050,0.060,17,0.2
Sat Mar 12 11:19:25 2016,ArduinoHelmet1,783,-0.050,0.060,17,0.2
Sat Mar 12 11:19:28 2016,ArduinoHelmet1,784,-0.050,0.060,17,0.2
Sat Mar 12 11:19:29 2016,ArduinoHelmet1,785,-0.050,0.060,17,0.2
Sat Mar 12 11:19:29 2016,ArduinoHelmet1,786,-0.050,0.080,17,0.3
Sat Mar 12 11:19:29 2016,ArduinoHelmet1,787,-0.030,0.080,18,0.3
Sat Mar 12 11:19:29 2016,ArduinoHelmet1,788,-0.030,0.080,18,0.3
Sat Mar 12 11:19:31 2016,ArduinoHelmet1,789,-0.030,0.090,18,0.3
Sat Mar 12 11:19:34 2016,ArduinoHelmet1,790,-0.030,0.090,18,0.3
Sat Mar 12 11:19:34 2016,ArduinoHelmet1,791,-0.030,0.090,18,0.3
Sat Mar 12 11:19:34 2016,ArduinoHelmet1,792,-0.030,0.090,18,0.3
Sat Mar 12 11:19:37 2016,ArduinoHelmet1,793,-0.030,-0.020,18,-0.0
Sat Mar 12 11:19:37 2016,ArduinoHelmet1,794,-0.030,-0.020,18,-0.0
Sat Mar 12 11:19:37 2016,ArduinoHelmet1,795,-0.030,-0.020,18,-0.0
Sat Mar 12 11:19:37 2016,ArduinoHelmet1,796,-0.030,0.120,18,0.4
Sat Mar 12 11:19:38 2016,ArduinoHelmet1,797,-0.020,0.160,18,0.6
Sat Mar 12 11:19:39 2016,ArduinoHelmet1,798,-0.020,0.050,18,0.2
Sat Mar 12 11:19:40 2016,ArduinoHelmet1,799,0.000,0.000,19,0.0
Sat Mar 12 11:19:41 2016,ArduinoHelmet1,800,-0.020,-0.020,18,-0.0
Sat Mar 12 11:19:42 2016,ArduinoHelmet1,801,0.000,-0.020,19,-0.0
Sat Mar 12 11:19:43 2016,ArduinoHelmet1,802,0.000,-0.020,19,-0.0
Sat Mar 12 11:19:44 2016,ArduinoHelmet1,803,0.000,0.090,19,0.3
Sat Mar 12 11:19:46 2016,ArduinoHelmet1,804,0.000,0.200,19,0.7
Sat Mar 12 11:19:47 2016,ArduinoHelmet1,805,0.020,0.120,19,0.4
Sat Mar 12 11:19:47 2016,ArduinoHelmet1,806,0.020,0.020,19,0.1
Sat Mar 12 11:19:52 2016,ArduinoHelmet1,807,0.020,0.000,19,0.0
Sat Mar 12 11:19:52 2016,ArduinoHelmet1,808,0.020,0.000,19,0.0
Sat Mar 12 11:19:52 2016,ArduinoHelmet1,809,0.030,-0.020,19,-0.0
Sat Mar 12 11:19:52 2016,ArduinoHelmet1,810,0.030,-0.020,19,-0.0
Sat Mar 12 11:19:53 2016,ArduinoHelmet1,811,0.030,0.250,19,0.9
Sat Mar 12 11:19:54 2016,ArduinoHelmet1,812,0.050,0.280,20,1.0
Sat Mar 12 11:19:55 2016,ArduinoHelmet1,813,0.050,0.190,20,0.7
Sat Mar 12 11:19:56 2016,ArduinoHelmet1,814,0.030,0.190,19,0.7
Sat Mar 12 11:19:57 2016,ArduinoHelmet1,815,0.050,0.170,20,0.6
Sat Mar 12 11:19:58 2016,ArduinoHelmet1,816,0.050,0.190,20,0.7
Sat Mar 12 11:19:59 2016,ArduinoHelmet1,817,0.050,0.220,20,0.8
Sat Mar 12 11:20:00 2016,ArduinoHelmet1,818,0.050,0.170,20,0.6
Sat Mar 12 11:20:01 2016,ArduinoHelmet1,819,0.050,0.060,20,0.2
Sat Mar 12 11:20:02 2016,ArduinoHelmet1,820,0.050,0.030,20,0.1
Sat Mar 12 11:20:03 2016,ArduinoHelmet1,821,0.030,0.000,19,0.0
Sat Mar 12 11:20:04 2016,ArduinoHelmet1,822,0.050,0.190,20,0.7
Sat Mar 12 11:20:05 2016,ArduinoHelmet1,823,0.060,0.340,20,1.1
Sat Mar 12 11:20:06 2016,ArduinoHelmet1,824,0.060,0.360,20,1.2
Sat Mar 12 11:20:07 2016,ArduinoHelmet1,825,0.080,0.370,21,1.2
Sat Mar 12 11:20:08 2016,ArduinoHelmet1,826,0.080,0.360,21,1.2
Sat Mar 12 11:20:09 2016,ArduinoHelmet1,827,0.090,0.310,21,1.1
Sat Mar 12 11:20:10 2016,ArduinoHelmet1,828,0.090,0.390,21,1.3
Sat Mar 12 11:20:11 2016,ArduinoHelmet1,829,0.090,0.360,21,1.2
Sat Mar 12 11:20:12 2016,ArduinoHelmet1,830,0.110,0.340,21,1.1
Sat Mar 12 11:20:13 2016,ArduinoHelmet1,831,0.110,0.330,21,1.1
Sat Mar 12 11:20:14 2016,ArduinoHelmet1,832,0.120,0.330,22,1.1
Sat Mar 12 11:20:15 2016,ArduinoHelmet1,833,0.120,0.370,22,1.2
Sat Mar 12 11:20:16 2016,ArduinoHelmet1,834,0.120,0.360,22,1.2
Sat Mar 12 11:20:17 2016,ArduinoHelmet1,835,0.140,0.390,22,1.3
Sat Mar 12 11:20:18 2016,ArduinoHelmet1,836,0.140,0.390,22,1.3
Sat Mar 12 11:20:19 2016,ArduinoHelmet1,837,0.140,0.390,22,1.3
Sat Mar 12 11:20:20 2016,ArduinoHelmet1,838,0.160,0.310,23,1.1
Sat Mar 12 11:20:21 2016,ArduinoHelmet1,839,0.160,0.310,23,1.1
Sat Mar 12 11:20:22 2016,ArduinoHelmet1,840,0.170,0.300,23,1.0
Sat Mar 12 11:20:23 2016,ArduinoHelmet1,841,0.170,0.310,23,1.1
Sat Mar 12 11:20:25 2016,ArduinoHelmet1,842,0.170,0.080,23,0.3
Sat Mar 12 11:20:25 2016,ArduinoHelmet1,843,0.170,0.170,23,0.6
Sat Mar 12 11:20:26 2016,ArduinoHelmet1,844,0.190,0.300,23,1.0
Sat Mar 12 11:20:27 2016,ArduinoHelmet1,845,0.190,0.310,23,1.1
Sat Mar 12 11:20:31 2016,ArduinoHelmet1,846,0.190,0.310,23,1.1
Sat Mar 12 11:20:31 2016,ArduinoHelmet1,847,0.190,0.340,23,1.1
Sat Mar 12 11:20:35 2016,ArduinoHelmet1,848,0.200,0.420,24,1.4
Sat Mar 12 11:20:35 2016,ArduinoHelmet1,849,0.220,0.390,24,1.3
Sat Mar 12 11:20:35 2016,ArduinoHelmet1,850,0.220,0.370,24,1.2
Sat Mar 12 11:20:35 2016,ArduinoHelmet1,851,0.220,0.390,24,1.3
Sat Mar 12 11:20:35 2016,ArduinoHelmet1,852,0.220,0.390,24,1.3
Sat Mar 12 11:20:35 2016,ArduinoHelmet1,853,0.230,0.450,24,1.5
Sat Mar 12 11:20:36 2016,ArduinoHelmet1,854,0.230,0.420,24,1.4
Sat Mar 12 11:20:38 2016,ArduinoHelmet1,855,0.250,0.420,25,1.4
Sat Mar 12 11:20:38 2016,ArduinoHelmet1,856,0.250,0.440,25,1.5
Sat Mar 12 11:20:39 2016,ArduinoHelmet1,857,0.250,0.440,25,1.5
Sat Mar 12 11:20:41 2016,ArduinoHelmet1,858,0.270,0.420,25,1.4
Sat Mar 12 11:20:41 2016,ArduinoHelmet1,859,0.270,0.440,25,1.5
Sat Mar 12 11:20:43 2016,ArduinoHelmet1,860,0.270,0.480,25,1.6
Sat Mar 12 11:20:43 2016,ArduinoHelmet1,861,0.280,0.550,26,1.8
Sat Mar 12 11:20:45 2016,ArduinoHelmet1,862,0.300,0.610,26,2.0
Sat Mar 12 11:20:46 2016,ArduinoHelmet1,863,0.300,0.550,26,1.8
Sat Mar 12 11:20:47 2016,ArduinoHelmet1,864,0.310,0.470,26,1.6
Sat Mar 12 11:20:47 2016,ArduinoHelmet1,865,0.310,0.560,26,1.9
Sat Mar 12 11:20:49 2016,ArduinoHelmet1,866,0.330,0.480,27,1.6
Sat Mar 12 11:20:50 2016,ArduinoHelmet1,867,0.340,0.550,27,1.8
Sat Mar 12 11:20:50 2016,ArduinoHelmet1,868,0.340,0.520,27,1.7
Sat Mar 12 11:20:52 2016,ArduinoHelmet1,869,0.360,0.630,28,2.1
Sat Mar 12 11:20:53 2016,ArduinoHelmet1,870,0.360,0.590,28,2.0
Sat Mar 12 11:20:54 2016,ArduinoHelmet1,871,0.370,0.640,28,2.1
Sat Mar 12 11:20:55 2016,ArduinoHelmet1,872,0.370,0.560,28,1.9
Sat Mar 12 11:20:56 2016,ArduinoHelmet1,873,0.390,0.560,28,1.9
Sat Mar 12 11:20:57 2016,ArduinoHelmet1,874,0.390,0.520,28,1.7
Sat Mar 12 11:20:58 2016,ArduinoHelmet1,875,0.390,0.530,28,1.8
Sat Mar 12 11:20:59 2016,ArduinoHelmet1,876,0.390,0.530,28,1.8
Sat Mar 12 11:21:00 2016,ArduinoHelmet1,877,0.390,0.580,28,1.9
Sat Mar 12 11:21:01 2016,ArduinoHelmet1,878,0.410,0.560,29,1.9
Sat Mar 12 11:21:02 2016,ArduinoHelmet1,879,0.420,0.110,29,0.4
Sat Mar 12 11:21:03 2016,ArduinoHelmet1,880,0.410,0.560,29,1.9
Sat Mar 12 11:21:04 2016,ArduinoHelmet1,881,0.410,0.970,29,3.2
Sat Mar 12 11:21:05 2016,ArduinoHelmet1,882,0.420,1.560,29,5.1
Sat Mar 12 11:21:07 2016,ArduinoHelmet1,883,0.450,2.310,30,7.5
Sat Mar 12 11:21:07 2016,ArduinoHelmet1,884,0.500,2.420,31,7.9
Sat Mar 12 11:21:08 2016,ArduinoHelmet1,885,0.560,0.550,33,1.8
Sat Mar 12 11:21:09 2016,ArduinoHelmet1,886,0.630,0.200,34,0.7
Sat Mar 12 11:21:10 2016,ArduinoHelmet1,887,0.670,0.110,35,0.4
Sat Mar 12 11:21:12 2016,ArduinoHelmet1,888,0.700,0.090,36,0.3
Sat Mar 12 11:21:14 2016,ArduinoHelmet1,889,0.730,0.060,37,0.2
Sat Mar 12 11:21:14 2016,ArduinoHelmet1,890,0.770,0.090,38,0.3
Sat Mar 12 11:21:14 2016,ArduinoHelmet1,891,0.780,0.120,38,0.4
Sat Mar 12 11:21:15 2016,ArduinoHelmet1,892,0.810,3.030,39,9.9
Sat Mar 12 11:21:16 2016,ArduinoHelmet1,893,0.880,3.340,40,10.9
Sat Mar 12 11:21:17 2016,ArduinoHelmet1,894,0.950,2.050,42,6.7
Sat Mar 12 11:21:18 2016,ArduinoHelmet1,895,1.030,0.520,54,1.7
Sat Mar 12 11:21:19 2016,ArduinoHelmet1,896,1.080,0.310,55,1.1
Sat Mar 12 11:21:20 2016,ArduinoHelmet1,897,1.140,0.190,56,0.7
Sat Mar 12 11:21:22 2016,ArduinoHelmet1,898,1.170,0.190,57,0.7
Sat Mar 12 11:21:22 2016,ArduinoHelmet1,899,1.200,0.110,58,0.4
Sat Mar 12 11:21:23 2016,ArduinoHelmet1,900,1.230,2.130,59,6.9
Sat Mar 12 11:21:24 2016,ArduinoHelmet1,901,1.250,1.920,59,6.3
Sat Mar 12 11:21:25 2016,ArduinoHelmet1,902,1.250,1.090,59,3.6
Sat Mar 12 11:21:26 2016,ArduinoHelmet1,903,1.250,0.640,59,2.1
Sat Mar 12 11:21:27 2016,ArduinoHelmet1,904,1.230,0.880,59,2.9
Sat Mar 12 11:21:28 2016,ArduinoHelmet1,905,1.230,0.720,59,2.4
Sat Mar 12 11:21:29 2016,ArduinoHelmet1,906,1.230,0.370,59,1.2
Sat Mar 12 11:21:31 2016,ArduinoHelmet1,907,1.230,0.170,59,0.6
Sat Mar 12 11:21:32 2016,ArduinoHelmet1,908,1.230,0.170,59,0.6
Sat Mar 12 11:21:32 2016,ArduinoHelmet1,909,1.250,0.170,59,0.6
Sat Mar 12 11:21:36 2016,ArduinoHelmet1,910,1.250,0.170,59,0.6
Sat Mar 12 11:21:39 2016,ArduinoHelmet1,911,1.250,0.160,59,0.6
Sat Mar 12 11:21:39 2016,ArduinoHelmet1,912,1.250,0.160,59,0.6
Sat Mar 12 11:21:39 2016,ArduinoHelmet1,913,1.250,0.200,59,0.7
Sat Mar 12 11:21:39 2016,ArduinoHelmet1,914,1.250,0.170,59,0.6
Sat Mar 12 11:21:39 2016,ArduinoHelmet1,915,1.270,0.190,59,0.7
Sat Mar 12 11:21:39 2016,ArduinoHelmet1,916,1.270,0.220,59,0.8
Sat Mar 12 11:21:41 2016,ArduinoHelmet1,917,1.280,0.250,60,0.9
Sat Mar 12 11:21:41 2016,ArduinoHelmet1,918,1.280,0.530,60,1.8
Sat Mar 12 11:21:42 2016,ArduinoHelmet1,919,1.300,0.280,60,1.0
Sat Mar 12 11:21:43 2016,ArduinoHelmet1,920,1.310,0.370,60,1.2
Sat Mar 12 11:21:44 2016,ArduinoHelmet1,921,1.310,1.630,60,5.3
Sat Mar 12 11:21:46 2016,ArduinoHelmet1,922,1.340,3.530,61,11.5
Sat Mar 12 11:21:46 2016,ArduinoHelmet1,923,1.470,7.420,64,24.1
Sat Mar 12 11:21:47 2016,ArduinoHelmet1,924,1.630,6.280,68,20.4
Sat Mar 12 11:21:49 2016,ArduinoHelmet1,925,1.720,4.330,70,14.1
Sat Mar 12 11:21:49 2016,ArduinoHelmet1,926,1.770,1.830,71,6.0
Sat Mar 12 11:21:50 2016,ArduinoHelmet1,927,1.750,0.940,71,3.1
Sat Mar 12 11:21:52 2016,ArduinoHelmet1,928,1.720,0.910,70,3.0
Sat Mar 12 11:21:53 2016,ArduinoHelmet1,929,1.690,1.280,70,4.2
Sat Mar 12 11:21:54 2016,ArduinoHelmet1,930,1.690,0.980,70,3.2
Sat Mar 12 11:21:55 2016,ArduinoHelmet1,931,1.660,1.200,69,3.9
Sat Mar 12 11:21:56 2016,ArduinoHelmet1,932,1.690,1.360,70,4.5
Sat Mar 12 11:21:57 2016,ArduinoHelmet1,933,1.690,1.420,70,4.6
Sat Mar 12 11:21:58 2016,ArduinoHelmet1,934,1.700,1.730,70,5.6
Sat Mar 12 11:21:59 2016,ArduinoHelmet1,935,1.720,3.500,70,11.4
Sat Mar 12 11:22:00 2016,ArduinoHelmet1,936,1.810,4.730,72,15.4
Sat Mar 12 11:22:01 2016,ArduinoHelmet1,937,1.750,0.330,71,1.1
Sat Mar 12 11:22:02 2016,ArduinoHelmet1,938,1.630,0.030,68,0.1
Sat Mar 12 11:22:03 2016,ArduinoHelmet1,939,1.560,0.020,66,0.1
Sat Mar 12 11:22:04 2016,ArduinoHelmet1,940,1.530,-0.280,66,-0.9
Sat Mar 12 11:22:05 2016,ArduinoHelmet1,941,1.520,-0.230,65,-0.7
Sat Mar 12 11:22:06 2016,ArduinoHelmet1,942,1.500,-0.110,65,-0.3
Sat Mar 12 11:22:07 2016,ArduinoHelmet1,943,1.500,0.030,65,0.1
Sat Mar 12 11:22:08 2016,ArduinoHelmet1,944,1.480,0.050,65,0.2
Sat Mar 12 11:22:09 2016,ArduinoHelmet1,945,1.470,-0.020,64,-0.0
Sat Mar 12 11:22:10 2016,ArduinoHelmet1,946,1.450,0.000,64,0.0
Sat Mar 12 11:22:11 2016,ArduinoHelmet1,947,1.450,-0.090,64,-0.2
Sat Mar 12 11:22:12 2016,ArduinoHelmet1,948,1.440,-0.080,64,-0.2
Sat Mar 12 11:22:13 2016,ArduinoHelmet1,949,1.440,-0.060,64,-0.1
Sat Mar 12 11:22:14 2016,ArduinoHelmet1,950,1.420,-0.060,63,-0.1
Sat Mar 12 11:22:15 2016,ArduinoHelmet1,951,1.420,-0.050,63,-0.1
Sat Mar 12 11:22:16 2016,ArduinoHelmet1,952,1.410,0.000,63,0.0
Sat Mar 12 11:22:17 2016,ArduinoHelmet1,953,1.410,-0.060,63,-0.1
Sat Mar 12 11:22:18 2016,ArduinoHelmet1,954,1.390,-0.080,62,-0.2
Sat Mar 12 11:22:19 2016,ArduinoHelmet1,955,1.390,-0.030,62,-0.0
Sat Mar 12 11:22:20 2016,ArduinoHelmet1,956,1.390,0.020,62,0.1
Sat Mar 12 11:22:21 2016,ArduinoHelmet1,957,1.370,-0.030,62,-0.0
Sat Mar 12 11:22:22 2016,ArduinoHelmet1,958,1.370,-0.050,62,-0.1
Sat Mar 12 11:22:23 2016,ArduinoHelmet1,959,1.370,-0.030,62,-0.0
Sat Mar 12 11:22:24 2016,ArduinoHelmet1,960,1.370,0.000,62,0.0
Sat Mar 12 11:22:25 2016,ArduinoHelmet1,961,1.360,-0.020,62,-0.0
Sat Mar 12 11:22:26 2016,ArduinoHelmet1,962,1.360,-0.020,62,-0.0
Sat Mar 12 11:22:27 2016,ArduinoHelmet1,963,1.340,-0.060,61,-0.1
Sat Mar 12 11:22:28 2016,ArduinoHelmet1,964,1.340,-0.050,61,-0.1
Sat Mar 12 11:22:29 2016,ArduinoHelmet1,965,1.340,0.120,61,0.4
Sat Mar 12 11:22:30 2016,ArduinoHelmet1,966,1.370,1.840,62,6.0
Sat Mar 12 11:22:32 2016,ArduinoHelmet1,967,1.390,1.560,62,5.1
Sat Mar 12 11:22:32 2016,ArduinoHelmet1,968,1.410,1.370,63,4.5
Sat Mar 12 11:22:33 2016,ArduinoHelmet1,969,1.410,1.030,63,3.4
Sat Mar 12 11:22:34 2016,ArduinoHelmet1,970,1.390,0.630,62,2.1
Sat Mar 12 11:22:35 2016,ArduinoHelmet1,971,1.410,0.970,63,3.2
Sat Mar 12 11:22:36 2016,ArduinoHelmet1,972,1.440,1.450,64,4.7
Sat Mar 12 11:22:37 2016,ArduinoHelmet1,973,1.470,2.300,64,7.5
Sat Mar 12 11:22:38 2016,ArduinoHelmet1,974,1.480,2.310,65,7.5
Sat Mar 12 11:22:39 2016,ArduinoHelmet1,975,1.480,2.140,65,7.0
Sat Mar 12 11:22:40 2016,ArduinoHelmet1,976,1.500,1.810,65,5.9
Sat Mar 12 11:22:41 2016,ArduinoHelmet1,977,1.480,1.500,65,4.9
Sat Mar 12 11:22:42 2016,ArduinoHelmet1,978,1.480,1.830,65,6.0
Sat Mar 12 11:22:43 2016,ArduinoHelmet1,979,1.480,1.440,65,4.7
Sat Mar 12 11:22:44 2016,ArduinoHelmet1,980,1.470,1.020,64,3.3
Sat Mar 12 11:22:45 2016,ArduinoHelmet1,981,1.470,1.300,64,4.3
Sat Mar 12 11:22:47 2016,ArduinoHelmet1,982,1.470,1.550,64,5.1
Sat Mar 12 11:22:47 2016,ArduinoHelmet1,983,1.480,1.470,65,4.8
Sat Mar 12 11:22:48 2016,ArduinoHelmet1,984,1.500,1.440,65,4.7
Sat Mar 12 11:22:49 2016,ArduinoHelmet1,985,1.500,0.810,65,2.7
Sat Mar 12 11:22:50 2016,ArduinoHelmet1,986,1.480,0.980,65,3.2
Sat Mar 12 11:22:51 2016,ArduinoHelmet1,987,1.470,1.410,64,4.6
Sat Mar 12 11:22:52 2016,ArduinoHelmet1,988,1.470,1.030,64,3.4
Sat Mar 12 11:22:53 2016,ArduinoHelmet1,989,1.450,1.090,64,3.6
Sat Mar 12 11:22:54 2016,ArduinoHelmet1,990,1.470,1.170,64,3.8
Sat Mar 12 11:22:55 2016,ArduinoHelmet1,991,1.450,1.030,64,3.4
Sat Mar 12 11:22:56 2016,ArduinoHelmet1,992,1.440,1.140,64,3.7
Sat Mar 12 11:22:58 2016,ArduinoHelmet1,993,1.450,0.950,64,3.1
Sat Mar 12 11:22:58 2016,ArduinoHelmet1,994,1.450,1.360,64,4.5
Sat Mar 12 11:22:59 2016,ArduinoHelmet1,995,1.470,1.410,64,4.6
Sat Mar 12 11:23:00 2016,ArduinoHelmet1,996,1.480,1.230,65,4.0
Sat Mar 12 11:23:02 2016,ArduinoHelmet1,997,1.500,1.190,65,3.9
Sat Mar 12 11:23:02 2016,ArduinoHelmet1,998,1.500,1.370,65,4.5
Sat Mar 12 11:23:03 2016,ArduinoHelmet1,999,1.500,0.890,65,2.9
Sat Mar 12 11:23:04 2016,ArduinoHelmet1,1000,1.500,1.550,65,5.1
Sat Mar 12 11:23:05 2016,ArduinoHelmet1,1001,1.500,1.120,65,3.7
Sat Mar 12 11:23:07 2016,ArduinoHelmet1,1002,1.520,1.470,65,4.8
Sat Mar 12 11:23:07 2016,ArduinoHelmet1,1003,1.520,1.280,65,4.2
Sat Mar 12 11:23:08 2016,ArduinoHelmet1,1004,1.520,1.000,65,3.3
Sat Mar 12 11:23:09 2016,ArduinoHelmet1,1005,1.520,1.200,65,3.9
Sat Mar 12 11:23:11 2016,ArduinoHelmet1,1006,1.530,1.120,66,3.7
Sat Mar 12 11:23:12 2016,ArduinoHelmet1,1007,1.520,1.450,65,4.7
Sat Mar 12 11:23:13 2016,ArduinoHelmet1,1008,1.530,1.530,66,5.0
Sat Mar 12 11:23:14 2016,ArduinoHelmet1,1009,1.530,1.200,66,3.9
Sat Mar 12 11:23:15 2016,ArduinoHelmet1,1010,1.500,1.160,65,3.8
Sat Mar 12 11:23:16 2016,ArduinoHelmet1,1011,1.480,1.220,65,4.0
Sat Mar 12 11:23:17 2016,ArduinoHelmet1,1012,1.500,1.470,65,4.8
Sat Mar 12 11:23:18 2016,ArduinoHelmet1,1013,1.500,1.330,65,4.4
Sat Mar 12 11:23:19 2016,ArduinoHelmet1,1014,1.500,1.160,65,3.8
Sat Mar 12 11:23:20 2016,ArduinoHelmet1,1015,1.480,0.950,65,3.1
Sat Mar 12 11:23:21 2016,ArduinoHelmet1,1016,1.470,0.860,64,2.8
Sat Mar 12 11:23:42 2016,ArduinoHelmet1,1017,1.470,1.090,64,3.6
Sat Mar 12 11:23:42 2016,ArduinoHelmet1,1018,1.470,1.190,64,3.9
Sat Mar 12 11:23:42 2016,ArduinoHelmet1,1019,1.480,0.980,65,3.2
Sat Mar 12 11:23:42 2016,ArduinoHelmet1,1020,1.500,1.470,65,4.8
Sat Mar 12 11:23:42 2016,ArduinoHelmet1,1021,1.520,1.690,65,5.5
Sat Mar 12 11:23:42 2016,ArduinoHelmet1,1022,1.550,1.550,66,5.1
Sat Mar 12 11:23:42 2016,ArduinoHelmet1,1023,1.550,0.950,66,3.1
Sat Mar 12 11:23:42 2016,ArduinoHelmet1,1024,1.530,0.800,66,2.6
Sat Mar 12 11:23:42 2016,ArduinoHelmet1,1025,1.520,0.730,65,2.4
Sat Mar 12 11:23:42 2016,ArduinoHelmet1,1026,1.500,1.090,65,3.6
Sat Mar 12 11:23:43 2016,ArduinoHelmet1,1027,1.480,1.020,65,3.3
Sat Mar 12 11:23:43 2016,ArduinoHelmet1,1028,1.450,0.940,64,3.1
Sat Mar 12 11:23:43 2016,ArduinoHelmet1,1029,1.450,1.190,64,3.9
Sat Mar 12 11:23:43 2016,ArduinoHelmet1,1030,1.470,1.950,64,6.4
Sat Mar 12 11:23:43 2016,ArduinoHelmet1,1031,1.500,2.230,65,7.3
Sat Mar 12 11:23:43 2016,ArduinoHelmet1,1032,1.550,1.920,66,6.3
Sat Mar 12 11:23:43 2016,ArduinoHelmet1,1033,1.590,2.550,67,8.3
Sat Mar 12 11:23:43 2016,ArduinoHelmet1,1034,1.640,2.530,68,8.2
Sat Mar 12 11:23:43 2016,ArduinoHelmet1,1035,1.670,2.310,69,7.5
Sat Mar 12 11:23:43 2016,ArduinoHelmet1,1036,1.690,1.840,70,6.0
Sat Mar 12 11:24:03 2016,ArduinoHelmet1,1037,1.670,1.860,69,6.1
Sat Mar 12 11:24:03 2016,ArduinoHelmet1,1038,1.670,1.950,69,6.4
Sat Mar 12 11:24:03 2016,ArduinoHelmet1,1039,1.690,1.860,70,6.1
Sat Mar 12 11:24:03 2016,ArduinoHelmet1,1040,1.660,1.950,69,6.4
Sat Mar 12 11:24:03 2016,ArduinoHelmet1,1041,1.660,1.690,69,5.5
Sat Mar 12 11:24:03 2016,ArduinoHelmet1,1042,1.640,1.690,68,5.5
Sat Mar 12 11:24:03 2016,ArduinoHelmet1,1043,1.640,1.780,68,5.8
Sat Mar 12 11:24:03 2016,ArduinoHelmet1,1044,1.630,1.970,68,6.4
Sat Mar 12 11:24:03 2016,ArduinoHelmet1,1045,1.630,3.030,68,9.9
Sat Mar 12 11:24:03 2016,ArduinoHelmet1,1046,1.640,1.690,68,5.5
Sat Mar 12 11:24:03 2016,ArduinoHelmet1,1047,1.630,1.720,68,5.6
Sat Mar 12 11:24:03 2016,ArduinoHelmet1,1048,1.640,1.590,68,5.2
Sat Mar 12 11:24:03 2016,ArduinoHelmet1,1049,1.630,1.420,68,4.6
Sat Mar 12 11:24:03 2016,ArduinoHelmet1,1050,1.630,2.030,68,6.6
Sat Mar 12 11:24:03 2016,ArduinoHelmet1,1051,1.630,1.670,68,5.5
Sat Mar 12 11:24:03 2016,ArduinoHelmet1,1052,1.630,1.700,68,5.6
Sat Mar 12 11:24:03 2016,ArduinoHelmet1,1053,1.630,1.230,68,4.0
Sat Mar 12 11:24:03 2016,ArduinoHelmet1,1054,1.610,1.370,68,4.5
Sat Mar 12 11:24:03 2016,ArduinoHelmet1,1055,1.610,1.280,68,4.2
Sat Mar 12 11:24:03 2016,ArduinoHelmet1,1056,1.610,1.120,68,3.7
Sat Mar 12 11:24:03 2016,ArduinoHelmet1,1057,1.630,1.720,68,5.6
Sat Mar 12 11:24:04 2016,ArduinoHelmet1,1058,1.630,1.550,68,5.1
Sat Mar 12 11:24:05 2016,ArduinoHelmet1,1059,1.630,2.130,68,6.9
Sat Mar 12 11:24:06 2016,ArduinoHelmet1,1060,1.670,1.800,69,5.9
Sat Mar 12 11:24:07 2016,ArduinoHelmet1,1061,1.660,1.440,69,4.7
Sat Mar 12 11:24:08 2016,ArduinoHelmet1,1062,1.640,1.310,68,4.3
Sat Mar 12 11:24:09 2016,ArduinoHelmet1,1063,1.630,1.440,68,4.7
Sat Mar 12 11:24:10 2016,ArduinoHelmet1,1064,1.630,1.170,68,3.8
Sat Mar 12 11:24:11 2016,ArduinoHelmet1,1065,1.630,1.090,68,3.6
Sat Mar 12 11:24:12 2016,ArduinoHelmet1,1066,1.630,1.230,68,4.0
Sat Mar 12 11:24:13 2016,ArduinoHelmet1,1067,1.630,0.940,68,3.1
Sat Mar 12 11:24:14 2016,ArduinoHelmet1,1068,1.630,0.980,68,3.2
Sat Mar 12 11:24:15 2016,ArduinoHelmet1,1069,1.630,0.750,68,2.5
Sat Mar 12 11:24:16 2016,ArduinoHelmet1,1070,1.630,1.140,68,3.7
Sat Mar 12 11:24:18 2016,ArduinoHelmet1,1071,1.640,1.250,68,4.1
Sat Mar 12 11:24:18 2016,ArduinoHelmet1,1072,1.640,1.390,68,4.5
Sat Mar 12 11:24:19 2016,ArduinoHelmet1,1073,1.670,1.140,69,3.7
Sat Mar 12 11:24:20 2016,ArduinoHelmet1,1074,1.660,1.110,69,3.6
Sat Mar 12 11:24:21 2016,ArduinoHelmet1,1075,1.640,1.090,68,3.6
Sat Mar 12 11:24:22 2016,ArduinoHelmet1,1076,1.630,1.370,68,4.5
Sat Mar 12 11:24:24 2016,ArduinoHelmet1,1077,1.630,1.030,68,3.4
Sat Mar 12 11:24:24 2016,ArduinoHelmet1,1078,1.630,1.220,68,4.0
Sat Mar 12 11:24:25 2016,ArduinoHelmet1,1079,1.630,0.880,68,2.9
Sat Mar 12 11:24:26 2016,ArduinoHelmet1,1080,1.610,0.890,68,2.9
Sat Mar 12 11:24:27 2016,ArduinoHelmet1,1081,1.590,0.720,67,2.4
Sat Mar 12 11:24:28 2016,ArduinoHelmet1,1082,1.590,0.840,67,2.8
Sat Mar 12 11:24:29 2016,ArduinoHelmet1,1083,1.590,0.980,67,3.2
Sat Mar 12 11:25:10 2016,ArduinoHelmet1,1084,1.590,0.910,67,3.0
Sat Mar 12 11:25:10 2016,ArduinoHelmet1,1085,1.590,0.950,67,3.1
Sat Mar 12 11:25:10 2016,ArduinoHelmet1,1086,1.590,1.450,67,4.7
Sat Mar 12 11:25:10 2016,ArduinoHelmet1,1087,1.590,0.910,67,3.0
Sat Mar 12 11:25:10 2016,ArduinoHelmet1,1088,1.610,0.840,68,2.8
Sat Mar 12 11:25:10 2016,ArduinoHelmet1,1089,1.610,0.880,68,2.9
Sat Mar 12 11:25:10 2016,ArduinoHelmet1,1090,1.610,1.000,68,3.3
Sat Mar 12 11:25:10 2016,ArduinoHelmet1,1091,1.590,0.720,67,2.4
Sat Mar 12 11:25:10 2016,ArduinoHelmet1,1092,1.590,0.480,67,1.6
Sat Mar 12 11:25:10 2016,ArduinoHelmet1,1093,1.590,0.470,67,1.6
Sat Mar 12 11:25:35 2016,ArduinoHelmet1,1094,1.590,0.550,67,1.8
Sat Mar 12 11:25:35 2016,ArduinoHelmet1,1095,1.580,0.580,67,1.9
Sat Mar 12 11:25:35 2016,ArduinoHelmet1,1096,1.590,0.610,67,2.0
Sat Mar 12 11:25:35 2016,ArduinoHelmet1,1097,1.590,0.670,67,2.2
Sat Mar 12 11:25:35 2016,ArduinoHelmet1,1098,1.590,0.550,67,1.8
Sat Mar 12 11:25:35 2016,ArduinoHelmet1,1099,1.590,0.440,67,1.5
Sat Mar 12 11:25:35 2016,ArduinoHelmet1,1100,1.580,0.730,67,2.4
Sat Mar 12 11:25:35 2016,ArduinoHelmet1,1101,1.590,0.860,67,2.8
Sat Mar 12 11:25:35 2016,ArduinoHelmet1,1102,1.580,0.700,67,2.3
Sat Mar 12 11:25:35 2016,ArduinoHelmet1,1103,1.580,0.640,67,2.1
Sat Mar 12 11:25:35 2016,ArduinoHelmet1,1104,1.580,0.520,67,1.7
Sat Mar 12 11:25:35 2016,ArduinoHelmet1,1105,1.580,0.470,67,1.6
Sat Mar 12 11:25:35 2016,ArduinoHelmet1,1106,1.580,0.470,67,1.6
Sat Mar 12 11:25:35 2016,ArduinoHelmet1,1107,1.560,0.410,66,1.4
Sat Mar 12 11:25:35 2016,ArduinoHelmet1,1108,1.560,0.370,66,1.2
Sat Mar 12 11:25:35 2016,ArduinoHelmet1,1109,1.560,0.370,66,1.2
Sat Mar 12 11:25:35 2016,ArduinoHelmet1,1110,1.560,0.370,66,1.2
Sat Mar 12 11:25:35 2016,ArduinoHelmet1,1111,1.550,0.370,66,1.2
Sat Mar 12 11:25:35 2016,ArduinoHelmet1,1112,1.550,0.360,66,1.2
Sat Mar 12 11:25:35 2016,ArduinoHelmet1,1113,1.560,0.410,66,1.4
Sat Mar 12 11:25:35 2016,ArduinoHelmet1,1114,1.550,0.440,66,1.5
Sat Mar 12 11:25:35 2016,ArduinoHelmet1,1115,1.560,0.530,66,1.8
Sat Mar 12 11:25:35 2016,ArduinoHelmet1,1116,1.550,0.440,66,1.5
Sat Mar 12 11:25:35 2016,ArduinoHelmet1,1117,1.530,0.410,66,1.4
Sat Mar 12 11:25:35 2016,ArduinoHelmet1,1118,1.550,0.480,66,1.6
Sat Mar 12 11:25:35 2016,ArduinoHelmet1,1119,1.550,0.480,66,1.6
Sat Mar 12 11:25:35 2016,ArduinoHelmet1,1120,1.530,0.580,66,1.9
Sat Mar 12 11:25:35 2016,ArduinoHelmet1,1121,1.530,0.360,66,1.2
Sat Mar 12 11:25:35 2016,ArduinoHelmet1,1122,1.530,0.520,66,1.7
Sat Mar 12 11:25:35 2016,ArduinoHelmet1,1123,1.520,0.370,65,1.2
Sat Mar 12 11:25:35 2016,ArduinoHelmet1,1124,1.520,0.360,65,1.2
Sat Mar 12 11:25:35 2016,ArduinoHelmet1,1125,1.520,0.330,65,1.1
Sat Mar 12 11:25:35 2016,ArduinoHelmet1,1126,1.520,0.310,65,1.1
Sat Mar 12 11:25:35 2016,ArduinoHelmet1,1127,1.520,0.440,65,1.5
Sat Mar 12 11:25:35 2016,ArduinoHelmet1,1128,1.500,0.550,65,1.8
Sat Mar 12 11:25:35 2016,ArduinoHelmet1,1129,1.500,0.530,65,1.8
Sat Mar 12 11:25:35 2016,ArduinoHelmet1,1130,1.500,0.470,65,1.6
Sat Mar 12 11:25:35 2016,ArduinoHelmet1,1131,1.500,0.420,65,1.4
Sat Mar 12 11:25:35 2016,ArduinoHelmet1,1132,1.500,0.470,65,1.6
Sat Mar 12 11:25:35 2016,ArduinoHelmet1,1133,1.480,0.410,65,1.4
Sat Mar 12 11:25:35 2016,ArduinoHelmet1,1134,1.480,0.470,65,1.6
Sat Mar 12 11:25:35 2016,ArduinoHelmet1,1135,1.480,0.470,65,1.6
Sat Mar 12 11:25:35 2016,ArduinoHelmet1,1136,1.470,0.410,64,1.4
Sat Mar 12 11:25:35 2016,ArduinoHelmet1,1137,1.470,0.440,64,1.5
Sat Mar 12 11:25:35 2016,ArduinoHelmet1,1138,1.450,0.390,64,1.3
Sat Mar 12 11:25:35 2016,ArduinoHelmet1,1139,1.450,0.370,64,1.2
Sat Mar 12 11:25:35 2016,ArduinoHelmet1,1140,1.450,0.440,64,1.5
Sat Mar 12 11:25:35 2016,ArduinoHelmet1,1141,1.440,0.410,64,1.4
Sat Mar 12 11:25:35 2016,ArduinoHelmet1,1142,1.440,0.420,64,1.4
Sat Mar 12 11:25:35 2016,ArduinoHelmet1,1143,1.440,0.310,64,1.1
Sat Mar 12 11:25:35 2016,ArduinoHelmet1,1144,1.450,0.420,64,1.4
Sat Mar 12 11:25:35 2016,ArduinoHelmet1,1145,1.440,0.420,64,1.4
Sat Mar 12 11:25:35 2016,ArduinoHelmet1,1146,1.440,0.280,64,1.0
Sat Mar 12 11:25:35 2016,ArduinoHelmet1,1147,1.440,0.280,64,1.0
Sat Mar 12 11:25:35 2016,ArduinoHelmet1,1148,1.440,0.330,64,1.1
Sat Mar 12 11:25:37 2016,ArduinoHelmet1,1149,1.420,0.340,63,1.1
Sat Mar 12 11:25:37 2016,ArduinoHelmet1,1150,1.420,0.310,63,1.1
Sat Mar 12 11:25:38 2016,ArduinoHelmet1,1151,1.420,0.310,63,1.1
Sat Mar 12 11:25:40 2016,ArduinoHelmet1,1152,1.420,0.270,63,0.9
Sat Mar 12 11:25:41 2016,ArduinoHelmet1,1153,1.410,0.270,63,0.9
Sat Mar 12 11:25:42 2016,ArduinoHelmet1,1154,1.410,0.280,63,1.0
Sat Mar 12 11:25:43 2016,ArduinoHelmet1,1155,1.410,0.270,63,0.9
Sat Mar 12 11:25:44 2016,ArduinoHelmet1,1156,1.390,0.230,62,0.8
Sat Mar 12 11:25:45 2016,ArduinoHelmet1,1157,1.390,0.310,62,1.1
Sat Mar 12 11:25:46 2016,ArduinoHelmet1,1158,1.390,0.360,62,1.2
Sat Mar 12 11:25:47 2016,ArduinoHelmet1,1159,1.370,0.410,62,1.4
Sat Mar 12 11:25:48 2016,ArduinoHelmet1,1160,1.390,0.360,62,1.2
Sat Mar 12 11:25:49 2016,ArduinoHelmet1,1161,1.370,0.410,62,1.4
Sat Mar 12 11:25:50 2016,ArduinoHelmet1,1162,1.370,0.370,62,1.2
Sat Mar 12 11:25:51 2016,ArduinoHelmet1,1163,1.360,0.310,62,1.1
Sat Mar 12 11:25:53 2016,ArduinoHelmet1,1164,1.360,0.330,62,1.1
Sat Mar 12 11:25:53 2016,ArduinoHelmet1,1165,1.360,0.280,62,1.0
Sat Mar 12 11:25:54 2016,ArduinoHelmet1,1166,1.360,0.340,62,1.1
Sat Mar 12 11:25:55 2016,ArduinoHelmet1,1167,1.360,0.300,62,1.0
Sat Mar 12 11:25:56 2016,ArduinoHelmet1,1168,1.360,0.340,62,1.1
Sat Mar 12 11:25:59 2016,ArduinoHelmet1,1169,1.360,0.250,62,0.9
Sat Mar 12 11:25:59 2016,ArduinoHelmet1,1170,1.340,0.220,61,0.8
Sat Mar 12 11:26:18 2016,ArduinoHelmet1,1186,1.300,0.310,60,1.1
Sat Mar 12 11:26:20 2016,ArduinoHelmet1,1187,1.300,0.280,60,1.0
Sat Mar 12 11:26:21 2016,ArduinoHelmet1,1188,1.280,0.410,60,1.4
Sat Mar 12 11:26:21 2016,ArduinoHelmet1,1189,1.280,0.230,60,0.8
Sat Mar 12 11:26:23 2016,ArduinoHelmet1,1190,1.280,0.250,60,0.9
Sat Mar 12 11:26:24 2016,ArduinoHelmet1,1191,1.280,0.300,60,1.0
Sat Mar 12 11:26:25 2016,ArduinoHelmet1,1192,1.270,0.270,59,0.9
Sat Mar 12 11:26:27 2016,ArduinoHelmet1,1193,1.270,0.220,59,0.8
Sat Mar 12 11:26:27 2016,ArduinoHelmet1,1194,1.270,0.270,59,0.9
Sat Mar 12 11:26:27 2016,ArduinoHelmet1,1195,1.270,0.220,59,0.8
Sat Mar 12 11:26:29 2016,ArduinoHelmet1,1196,1.270,0.200,59,0.7
Sat Mar 12 11:26:30 2016,ArduinoHelmet1,1197,1.270,0.270,59,0.9
Sat Mar 12 11:26:30 2016,ArduinoHelmet1,1198,1.270,0.250,59,0.9
Sat Mar 12 11:26:32 2016,ArduinoHelmet1,1199,1.250,0.300,59,1.0
Sat Mar 12 11:26:33 2016,ArduinoHelmet1,1200,1.250,0.250,59,0.9
Sat Mar 12 11:26:34 2016,ArduinoHelmet1,1201,1.250,0.230,59,0.8
Sat Mar 12 11:26:35 2016,ArduinoHelmet1,1202,1.250,0.230,59,0.8
Sat Mar 12 11:26:36 2016,ArduinoHelmet1,1203,1.200,0.220,58,0.8
Sat Mar 12 11:26:37 2016,ArduinoHelmet1,1204,1.230,0.220,59,0.8
Sat Mar 12 11:26:38 2016,ArduinoHelmet1,1205,1.230,0.220,59,0.8
Sat Mar 12 11:26:39 2016,ArduinoHelmet1,1206,1.230,0.270,59,0.9
Sat Mar 12 11:26:40 2016,ArduinoHelmet1,1207,1.230,0.270,59,0.9
Sat Mar 12 11:26:41 2016,ArduinoHelmet1,1208,1.230,0.270,59,0.9
Sat Mar 12 11:26:42 2016,ArduinoHelmet1,1209,1.220,0.230,58,0.8
Sat Mar 12 11:26:43 2016,ArduinoHelmet1,1210,1.220,0.170,58,0.6
Sat Mar 12 11:26:44 2016,ArduinoHelmet1,1211,1.200,0.160,58,0.6
Sat Mar 12 11:26:45 2016,ArduinoHelmet1,1212,1.200,0.160,58,0.6
Sat Mar 12 11:26:46 2016,ArduinoHelmet1,1213,1.190,0.200,58,0.7
Sat Mar 12 11:26:47 2016,ArduinoHelmet1,1214,1.340,0.230,61,0.8
Sat Mar 12 11:26:48 2016,ArduinoHelmet1,1215,1.190,0.220,58,0.8
Sat Mar 12 11:26:49 2016,ArduinoHelmet1,1216,1.190,0.220,58,0.8
Sat Mar 12 11:26:50 2016,ArduinoHelmet1,1217,1.190,0.200,58,0.7
Sat Mar 12 11:26:51 2016,ArduinoHelmet1,1218,1.190,0.140,58,0.5
Sat Mar 12 11:26:52 2016,ArduinoHelmet1,1219,1.190,0.220,58,0.8
Sat Mar 12 11:26:53 2016,ArduinoHelmet1,1220,1.160,0.200,57,0.7
Sat Mar 12 11:26:54 2016,ArduinoHelmet1,1221,1.170,0.200,57,0.7
Sat Mar 12 11:26:55 2016,ArduinoHelmet1,1222,1.170,0.220,57,0.8
Sat Mar 12 11:26:56 2016,ArduinoHelmet1,1223,1.170,0.200,57,0.7
Sat Mar 12 11:26:57 2016,ArduinoHelmet1,1224,1.170,0.250,57,0.9
Sat Mar 12 11:26:59 2016,ArduinoHelmet1,1225,1.170,0.190,57,0.7
Sat Mar 12 11:26:59 2016,ArduinoHelmet1,1226,1.160,0.230,57,0.8
Sat Mar 12 11:27:00 2016,ArduinoHelmet1,1227,1.160,0.200,57,0.7
Sat Mar 12 11:27:01 2016,ArduinoHelmet1,1228,1.140,0.190,56,0.7
Sat Mar 12 11:27:02 2016,ArduinoHelmet1,1229,1.140,0.280,56,1.0
Sat Mar 12 11:27:03 2016,ArduinoHelmet1,1230,1.190,0.230,58,0.8
Sat Mar 12 11:27:04 2016,ArduinoHelmet1,1231,1.140,0.190,56,0.7
Sat Mar 12 11:27:05 2016,ArduinoHelmet1,1232,1.140,0.190,56,0.7
Sat Mar 12 11:27:06 2016,ArduinoHelmet1,1233,1.140,0.160,56,0.6
Sat Mar 12 11:27:07 2016,ArduinoHelmet1,1234,1.120,0.120,56,0.4
Sat Mar 12 11:27:08 2016,ArduinoHelmet1,1235,1.120,0.110,56,0.4
Sat Mar 12 11:27:09 2016,ArduinoHelmet1,1236,1.120,0.120,56,0.4
Sat Mar 12 11:27:10 2016,ArduinoHelmet1,1237,1.120,0.140,56,0.5
Sat Mar 12 11:27:11 2016,ArduinoHelmet1,1238,1.110,0.170,56,0.6
Sat Mar 12 11:27:12 2016,ArduinoHelmet1,1239,1.110,0.160,56,0.6
Sat Mar 12 11:27:13 2016,ArduinoHelmet1,1240,1.110,0.170,56,0.6
Sat Mar 12 11:27:14 2016,ArduinoHelmet1,1241,1.110,0.140,56,0.5
Sat Mar 12 11:27:15 2016,ArduinoHelmet1,1242,1.110,0.170,56,0.6
Sat Mar 12 11:27:16 2016,ArduinoHelmet1,1243,1.090,0.140,55,0.5
Sat Mar 12 11:27:17 2016,ArduinoHelmet1,1244,1.090,0.060,55,0.2
Sat Mar 12 11:27:18 2016,ArduinoHelmet1,1245,1.080,0.020,55,0.1
Sat Mar 12 11:27:19 2016,ArduinoHelmet1,1246,1.060,-0.050,54,-0.1
Sat Mar 12 11:27:21 2016,ArduinoHelmet1,1247,1.060,0.020,54,0.1
Sat Mar 12 11:27:21 2016,ArduinoHelmet1,1248,1.050,0.060,54,0.2
Sat Mar 12 11:27:22 2016,ArduinoHelmet1,1249,1.060,0.110,54,0.4
Sat Mar 12 11:27:23 2016,ArduinoHelmet1,1250,1.060,0.120,54,0.4
Sat Mar 12 11:27:24 2016,ArduinoHelmet1,1251,1.060,0.110,54,0.4
Sat Mar 12 11:27:25 2016,ArduinoHelmet1,1252,1.060,0.120,54,0.4
Sat Mar 12 11:27:26 2016,ArduinoHelmet1,1253,1.050,0.080,54,0.3
Sat Mar 12 11:27:27 2016,ArduinoHelmet1,1254,1.060,0.120,54,0.4
Sat Mar 12 11:27:29 2016,ArduinoHelmet1,1255,1.050,0.120,54,0.4
Sat Mar 12 11:27:30 2016,ArduinoHelmet1,1256,1.050,0.090,54,0.3
Sat Mar 12 11:27:31 2016,ArduinoHelmet1,1257,1.050,0.170,54,0.6
Sat Mar 12 11:27:32 2016,ArduinoHelmet1,1258,1.050,0.120,54,0.4
Sat Mar 12 11:27:33 2016,ArduinoHelmet1,1259,1.030,0.110,54,0.4
Sat Mar 12 11:27:34 2016,ArduinoHelmet1,1260,1.050,0.140,54,0.5
Sat Mar 12 11:27:35 2016,ArduinoHelmet1,1261,1.030,0.190,54,0.7
Sat Mar 12 11:27:36 2016,ArduinoHelmet1,1262,1.030,0.140,54,0.5
Sat Mar 12 11:27:37 2016,ArduinoHelmet1,1263,1.030,0.110,54,0.4
Sat Mar 12 11:27:38 2016,ArduinoHelmet1,1264,1.030,0.140,54,0.5
Sat Mar 12 11:27:39 2016,ArduinoHelmet1,1265,1.030,0.160,54,0.6
Sat Mar 12 11:27:40 2016,ArduinoHelmet1,1266,1.030,0.140,54,0.5
Sat Mar 12 11:27:41 2016,ArduinoHelmet1,1267,1.020,0.250,53,0.9
Sat Mar 12 11:27:43 2016,ArduinoHelmet1,1268,1.020,0.170,53,0.6
Sat Mar 12 11:27:43 2016,ArduinoHelmet1,1269,1.020,0.160,53,0.6
Sat Mar 12 11:27:44 2016,ArduinoHelmet1,1270,1.000,0.140,43,0.5
Sat Mar 12 11:27:45 2016,ArduinoHelmet1,1271,1.000,0.200,43,0.7
Sat Mar 12 11:27:46 2016,ArduinoHelmet1,1272,1.000,0.160,43,0.6
Sat Mar 12 11:27:47 2016,ArduinoHelmet1,1273,1.000,0.140,43,0.5
Sat Mar 12 11:27:48 2016,ArduinoHelmet1,1274,1.000,0.140,43,0.5
Sat Mar 12 11:27:49 2016,ArduinoHelmet1,1275,1.000,0.160,43,0.6
Sat Mar 12 11:27:50 2016,ArduinoHelmet1,1276,1.000,0.160,43,0.6
Sat Mar 12 11:27:51 2016,ArduinoHelmet1,1277,1.000,0.140,43,0.5
Sat Mar 12 11:27:52 2016,ArduinoHelmet1,1278,1.000,0.120,43,0.4
Sat Mar 12 11:27:53 2016,ArduinoHelmet1,1279,0.980,0.140,43,0.5
Sat Mar 12 11:27:54 2016,ArduinoHelmet1,1280,0.980,0.110,43,0.4
Sat Mar 12 11:27:55 2016,ArduinoHelmet1,1281,0.980,0.120,43,0.4
Sat Mar 12 11:27:56 2016,ArduinoHelmet1,1282,0.980,0.110,43,0.4
Sat Mar 12 11:27:57 2016,ArduinoHelmet1,1283,0.980,0.080,43,0.3
Sat Mar 12 11:27:58 2016,ArduinoHelmet1,1284,0.980,0.090,43,0.3
Sat Mar 12 11:27:59 2016,ArduinoHelmet1,1285,0.970,0.080,43,0.3
Sat Mar 12 11:28:00 2016,ArduinoHelmet1,1286,0.970,0.120,43,0.4
Sat Mar 12 11:28:01 2016,ArduinoHelmet1,1287,0.970,0.110,43,0.4
Sat Mar 12 11:28:02 2016,ArduinoHelmet1,1288,0.970,0.090,43,0.3
Sat Mar 12 11:28:03 2016,ArduinoHelmet1,1289,0.970,0.090,43,0.3
Sat Mar 12 11:28:04 2016,ArduinoHelmet1,1290,0.970,0.090,43,0.3
Sat Mar 12 11:28:05 2016,ArduinoHelmet1,1291,0.970,0.090,43,0.3
Sat Mar 12 11:28:06 2016,ArduinoHelmet1,1292,0.950,0.090,42,0.3
Sat Mar 12 11:28:07 2016,ArduinoHelmet1,1293,0.950,0.090,42,0.3
Sat Mar 12 11:28:08 2016,ArduinoHelmet1,1294,0.950,0.060,42,0.2
Sat Mar 12 11:28:09 2016,ArduinoHelmet1,1295,0.950,0.060,42,0.2
Sat Mar 12 11:28:10 2016,ArduinoHelmet1,1296,0.950,0.080,42,0.3
Sat Mar 12 11:28:11 2016,ArduinoHelmet1,1297,0.950,0.090,42,0.3
Sat Mar 12 11:28:12 2016,ArduinoHelmet1,1298,0.950,0.060,42,0.2
Sat Mar 12 11:28:15 2016,ArduinoHelmet1,1299,0.950,0.140,42,0.5
Sat Mar 12 11:28:54 2016,ArduinoHelmet1,1300,0.940,0.120,42,0.4
Sat Mar 12 11:28:54 2016,ArduinoHelmet1,1301,0.940,0.090,42,0.3
Sat Mar 12 11:28:54 2016,ArduinoHelmet1,1302,0.940,0.090,42,0.3
Sat Mar 12 11:28:54 2016,ArduinoHelmet1,1303,0.940,0.080,42,0.3
Sat Mar 12 11:28:54 2016,ArduinoHelmet1,1304,0.940,0.090,42,0.3
Sat Mar 12 11:28:54 2016,ArduinoHelmet1,1305,0.940,0.090,42,0.3
Sat Mar 12 11:28:54 2016,ArduinoHelmet1,1306,0.940,0.090,42,0.3
Sat Mar 12 11:28:54 2016,ArduinoHelmet1,1307,0.940,0.080,42,0.3
Sat Mar 12 11:29:29 2016,ArduinoHelmet1,1308,0.940,0.080,42,0.3
Sat Mar 12 11:29:29 2016,ArduinoHelmet1,1309,0.940,0.120,42,0.4
Sat Mar 12 11:29:29 2016,ArduinoHelmet1,1310,0.920,0.120,41,0.4
Sat Mar 12 11:29:29 2016,ArduinoHelmet1,1311,0.920,0.110,41,0.4
Sat Mar 12 11:29:29 2016,ArduinoHelmet1,1312,0.920,0.080,41,0.3
Sat Mar 12 11:29:29 2016,ArduinoHelmet1,1313,0.910,0.080,41,0.3
Sat Mar 12 11:29:29 2016,ArduinoHelmet1,1314,0.910,0.090,41,0.3
Sat Mar 12 11:29:29 2016,ArduinoHelmet1,1315,0.910,0.080,41,0.3
Sat Mar 12 11:29:29 2016,ArduinoHelmet1,1316,0.910,0.090,41,0.3
Sat Mar 12 11:29:29 2016,ArduinoHelmet1,1317,0.910,0.090,41,0.3
Sat Mar 12 11:29:29 2016,ArduinoHelmet1,1318,0.910,0.050,41,0.2
Sat Mar 12 11:29:29 2016,ArduinoHelmet1,1319,0.890,0.080,41,0.3
Sat Mar 12 11:29:29 2016,ArduinoHelmet1,1320,0.890,0.090,41,0.3
Sat Mar 12 11:29:29 2016,ArduinoHelmet1,1321,0.880,0.090,40,0.3
Sat Mar 12 11:29:29 2016,ArduinoHelmet1,1322,0.890,0.080,41,0.3
Sat Mar 12 11:29:29 2016,ArduinoHelmet1,1323,0.890,0.090,41,0.3
Sat Mar 12 11:29:29 2016,ArduinoHelmet1,1324,0.890,0.060,41,0.2
Sat Mar 12 11:29:29 2016,ArduinoHelmet1,1325,0.880,0.090,40,0.3
Sat Mar 12 11:29:29 2016,ArduinoHelmet1,1326,0.890,0.090,41,0.3
Sat Mar 12 11:29:29 2016,ArduinoHelmet1,1327,0.890,0.090,41,0.3
Sat Mar 12 11:29:29 2016,ArduinoHelmet1,1328,0.880,0.060,40,0.2
Sat Mar 12 11:29:29 2016,ArduinoHelmet1,1329,0.880,0.090,40,0.3
Sat Mar 12 11:29:29 2016,ArduinoHelmet1,1330,0.880,0.160,40,0.6
Sat Mar 12 11:29:29 2016,ArduinoHelmet1,1331,0.880,0.090,40,0.3
Sat Mar 12 11:29:29 2016,ArduinoHelmet1,1332,0.880,0.110,40,0.4
Sat Mar 12 11:29:29 2016,ArduinoHelmet1,1333,0.880,0.090,40,0.3
Sat Mar 12 11:29:29 2016,ArduinoHelmet1,1334,0.880,0.110,40,0.4
Sat Mar 12 11:29:29 2016,ArduinoHelmet1,1335,0.860,0.080,40,0.3
Sat Mar 12 11:29:29 2016,ArduinoHelmet1,1336,0.860,0.060,40,0.2
Sat Mar 12 11:29:29 2016,ArduinoHelmet1,1337,0.860,0.060,40,0.2
Sat Mar 12 11:29:29 2016,ArduinoHelmet1,1338,0.860,0.080,40,0.3
Sat Mar 12 11:29:29 2016,ArduinoHelmet1,1339,0.860,0.080,40,0.3
Sat Mar 12 11:29:29 2016,ArduinoHelmet1,1340,0.860,0.080,40,0.3
Sat Mar 12 11:29:29 2016,ArduinoHelmet1,1341,0.860,0.090,40,0.3
Sat Mar 12 11:29:29 2016,ArduinoHelmet1,1342,0.860,0.090,40,0.3
Sat Mar 12 11:29:29 2016,ArduinoHelmet1,1343,0.840,0.080,39,0.3
Sat Mar 12 11:29:29 2016,ArduinoHelmet1,1344,0.840,0.110,39,0.4
Sat Mar 12 11:29:29 2016,ArduinoHelmet1,1345,0.840,0.080,39,0.3
Sat Mar 12 11:29:29 2016,ArduinoHelmet1,1346,0.840,0.080,39,0.3
Sat Mar 12 11:29:29 2016,ArduinoHelmet1,1347,0.840,0.080,39,0.3
Sat Mar 12 11:29:29 2016,ArduinoHelmet1,1348,0.840,0.120,39,0.4
Sat Mar 12 11:29:29 2016,ArduinoHelmet1,1349,0.840,0.090,39,0.3
Sat Mar 12 11:29:29 2016,ArduinoHelmet1,1350,0.840,0.140,39,0.5
Sat Mar 12 11:29:29 2016,ArduinoHelmet1,1351,0.840,0.120,39,0.4
Sat Mar 12 11:29:29 2016,ArduinoHelmet1,1352,0.840,0.110,39,0.4
Sat Mar 12 11:29:29 2016,ArduinoHelmet1,1353,0.840,0.220,39,0.8
Sat Mar 12 11:29:29 2016,ArduinoHelmet1,1354,0.810,0.110,39,0.4
Sat Mar 12 11:29:29 2016,ArduinoHelmet1,1355,0.810,0.170,39,0.6
Sat Mar 12 11:29:29 2016,ArduinoHelmet1,1356,0.840,0.110,39,0.4
Sat Mar 12 11:29:29 2016,ArduinoHelmet1,1357,0.840,0.110,39,0.4
Sat Mar 12 11:29:29 2016,ArduinoHelmet1,1358,0.830,0.090,39,0.3
Sat Mar 12 11:29:29 2016,ArduinoHelmet1,1359,0.830,0.090,39,0.3
Sat Mar 12 11:29:29 2016,ArduinoHelmet1,1360,0.830,0.090,39,0.3
Sat Mar 12 11:29:29 2016,ArduinoHelmet1,1361,0.830,0.090,39,0.3
Sat Mar 12 11:29:29 2016,ArduinoHelmet1,1362,0.830,0.090,39,0.3
Sat Mar 12 11:29:29 2016,ArduinoHelmet1,1363,0.830,0.090,39,0.3
Sat Mar 12 11:29:29 2016,ArduinoHelmet1,1364,0.830,0.110,39,0.4
Sat Mar 12 11:29:29 2016,ArduinoHelmet1,1365,0.830,0.120,39,0.4
Sat Mar 12 11:29:29 2016,ArduinoHelmet1,1366,0.830,0.110,39,0.4
Sat Mar 12 11:29:29 2016,ArduinoHelmet1,1367,0.830,0.110,39,0.4
Sat Mar 12 11:29:44 2016,ArduinoHelmet1,1383,0.780,0.080,38,0.3
Sat Mar 12 11:29:45 2016,ArduinoHelmet1,1384,0.780,0.080,38,0.3
Sat Mar 12 11:29:51 2016,ArduinoHelmet1,1385,0.780,0.050,38,0.2
Sat Mar 12 11:29:51 2016,ArduinoHelmet1,1386,0.780,-0.020,38,-0.0
Sat Mar 12 11:30:07 2016,ArduinoHelmet1,1401,0.690,-0.110,36,-0.3
Sat Mar 12 11:30:08 2016,ArduinoHelmet1,1402,0.670,-0.300,35,-0.9
Sat Mar 12 11:30:09 2016,ArduinoHelmet1,1403,0.670,-0.360,35,-1.1
Sat Mar 12 11:30:10 2016,ArduinoHelmet1,1404,0.670,-0.370,35,-1.2
Sat Mar 12 11:30:11 2016,ArduinoHelmet1,1405,0.660,-0.390,35,-1.2
Sat Mar 12 11:30:12 2016,ArduinoHelmet1,1406,0.660,-0.390,35,-1.2
Sat Mar 12 11:30:13 2016,ArduinoHelmet1,1407,0.640,-0.440,35,-1.4
Sat Mar 12 11:30:14 2016,ArduinoHelmet1,1408,0.630,-0.420,34,-1.3
Sat Mar 12 11:30:15 2016,ArduinoHelmet1,1409,0.630,-0.500,34,-1.6
Sat Mar 12 11:30:16 2016,ArduinoHelmet1,1410,0.610,-0.410,34,-1.3
Sat Mar 12 11:30:17 2016,ArduinoHelmet1,1411,0.590,-0.360,33,-1.1
Sat Mar 12 11:30:18 2016,ArduinoHelmet1,1412,0.590,-0.420,33,-1.3
Sat Mar 12 11:30:19 2016,ArduinoHelmet1,1413,0.590,-0.370,33,-1.2
Sat Mar 12 11:30:20 2016,ArduinoHelmet1,1414,0.580,-0.370,33,-1.2
Sat Mar 12 11:30:21 2016,ArduinoHelmet1,1415,0.580,-0.390,33,-1.2
Sat Mar 12 11:30:22 2016,ArduinoHelmet1,1416,0.560,-0.470,33,-1.5
Sat Mar 12 11:30:23 2016,ArduinoHelmet1,1417,0.560,-0.420,33,-1.3
Sat Mar 12 11:30:24 2016,ArduinoHelmet1,1418,0.550,-0.450,32,-1.4
Sat Mar 12 11:30:25 2016,ArduinoHelmet1,1419,0.550,-0.410,32,-1.3
Sat Mar 12 11:30:26 2016,ArduinoHelmet1,1420,0.550,-0.450,32,-1.4
Sat Mar 12 11:30:27 2016,ArduinoHelmet1,1421,0.530,-0.480,32,-1.5
Sat Mar 12 11:30:28 2016,ArduinoHelmet1,1422,0.530,-0.410,32,-1.3
Sat Mar 12 11:30:29 2016,ArduinoHelmet1,1423,0.520,-0.390,32,-1.2
Sat Mar 12 11:30:30 2016,ArduinoHelmet1,1424,0.520,-0.280,32,-0.9
Sat Mar 12 11:30:31 2016,ArduinoHelmet1,1425,0.520,-0.270,32,-0.8
Sat Mar 12 11:30:32 2016,ArduinoHelmet1,1426,0.520,-0.230,32,-0.7
Sat Mar 12 11:30:34 2016,ArduinoHelmet1,1427,0.520,-0.190,32,-0.6
Sat Mar 12 11:30:34 2016,ArduinoHelmet1,1428,0.520,-0.190,32,-0.6
Sat Mar 12 11:30:35 2016,ArduinoHelmet1,1429,0.520,-0.220,32,-0.7
Sat Mar 12 11:30:37 2016,ArduinoHelmet1,1430,0.520,-0.220,32,-0.7
Sat Mar 12 11:30:38 2016,ArduinoHelmet1,1431,0.520,-0.170,32,-0.5
Sat Mar 12 11:30:38 2016,ArduinoHelmet1,1432,0.500,-0.220,31,-0.7
Sat Mar 12 11:30:39 2016,ArduinoHelmet1,1433,0.500,-0.140,31,-0.4
Sat Mar 12 11:30:40 2016,ArduinoHelmet1,1434,0.500,-0.200,31,-0.6
Sat Mar 12 11:30:42 2016,ArduinoHelmet1,1435,0.500,-0.200,31,-0.6
Sat Mar 12 11:30:42 2016,ArduinoHelmet1,1436,0.500,-0.170,31,-0.5
Sat Mar 12 11:30:44 2016,ArduinoHelmet1,1437,0.480,-0.190,31,-0.6
Sat Mar 12 11:30:44 2016,ArduinoHelmet1,1438,0.480,-0.230,31,-0.7
Sat Mar 12 11:30:45 2016,ArduinoHelmet1,1439,0.480,-0.200,31,-0.6
Sat Mar 12 11:30:46 2016,ArduinoHelmet1,1440,0.480,-0.220,31,-0.7
Sat Mar 12 11:30:48 2016,ArduinoHelmet1,1441,0.480,-0.300,31,-0.9
Sat Mar 12 11:30:49 2016,ArduinoHelmet1,1442,0.470,-0.250,30,-0.8
Sat Mar 12 11:30:50 2016,ArduinoHelmet1,1443,0.470,-0.250,30,-0.8
Sat Mar 12 11:30:51 2016,ArduinoHelmet1,1444,0.470,-0.300,30,-0.9
Sat Mar 12 11:30:52 2016,ArduinoHelmet1,1445,0.450,-0.230,30,-0.7
Sat Mar 12 11:30:53 2016,ArduinoHelmet1,1446,0.450,-0.250,30,-0.8
Sat Mar 12 11:30:54 2016,ArduinoHelmet1,1447,0.450,-0.310,30,-1.0
Sat Mar 12 11:30:55 2016,ArduinoHelmet1,1448,0.450,-0.300,30,-0.9
Sat Mar 12 11:30:56 2016,ArduinoHelmet1,1449,0.440,-0.200,30,-0.6
Sat Mar 12 11:30:57 2016,ArduinoHelmet1,1450,0.440,-0.220,30,-0.7
Sat Mar 12 11:30:58 2016,ArduinoHelmet1,1451,0.440,-0.200,30,-0.6
Sat Mar 12 11:30:59 2016,ArduinoHelmet1,1452,0.440,-0.280,30,-0.9
Sat Mar 12 11:31:00 2016,ArduinoHelmet1,1453,0.440,-0.250,30,-0.8
Sat Mar 12 11:31:01 2016,ArduinoHelmet1,1454,0.440,-0.300,30,-0.9
Sat Mar 12 11:31:02 2016,ArduinoHelmet1,1455,0.420,-0.370,29,-1.2
Sat Mar 12 11:31:03 2016,ArduinoHelmet1,1456,0.410,-0.170,29,-0.5
Sat Mar 12 11:31:04 2016,ArduinoHelmet1,1457,0.410,-0.120,29,-0.3
Sat Mar 12 11:31:05 2016,ArduinoHelmet1,1458,0.410,-0.230,29,-0.7
Sat Mar 12 11:31:06 2016,ArduinoHelmet1,1459,0.410,-0.200,29,-0.6
Sat Mar 12 11:31:07 2016,ArduinoHelmet1,1460,0.410,-0.160,29,-0.5
Sat Mar 12 11:31:08 2016,ArduinoHelmet1,1461,0.410,-0.170,29,-0.5
Sat Mar 12 11:31:09 2016,ArduinoHelmet1,1462,0.390,-0.170,28,-0.5
Sat Mar 12 11:31:10 2016,ArduinoHelmet1,1463,0.390,-0.170,28,-0.5
Sat Mar 12 11:31:11 2016,ArduinoHelmet1,1464,0.390,-0.200,28,-0.6
Sat Mar 12 11:31:12 2016,ArduinoHelmet1,1465,0.390,-0.170,28,-0.5
Sat Mar 12 11:31:13 2016,ArduinoHelmet1,1466,0.390,-0.220,28,-0.7
Sat Mar 12 11:31:14 2016,ArduinoHelmet1,1467,0.390,-0.200,28,-0.6
Sat Mar 12 11:31:15 2016,ArduinoHelmet1,1468,0.390,-0.270,28,-0.8
Sat Mar 12 11:31:16 2016,ArduinoHelmet1,1469,0.370,-0.220,28,-0.7
Sat Mar 12 11:31:17 2016,ArduinoHelmet1,1470,0.370,-0.250,28,-0.8
Sat Mar 12 11:31:18 2016,ArduinoHelmet1,1471,0.370,-0.300,28,-0.9
Sat Mar 12 11:31:19 2016,ArduinoHelmet1,1472,0.370,-0.220,28,-0.7
Sat Mar 12 11:31:20 2016,ArduinoHelmet1,1473,0.370,-0.300,28,-0.9
Sat Mar 12 11:31:21 2016,ArduinoHelmet1,1474,0.370,-0.250,28,-0.8
Sat Mar 12 11:31:22 2016,ArduinoHelmet1,1475,0.370,-0.250,28,-0.8
Sat Mar 12 11:31:23 2016,ArduinoHelmet1,1476,0.360,-0.270,28,-0.8
Sat Mar 12 11:31:24 2016,ArduinoHelmet1,1477,0.360,-0.280,28,-0.9
Sat Mar 12 11:31:25 2016,ArduinoHelmet1,1478,0.360,-0.250,28,-0.8
Sat Mar 12 11:31:26 2016,ArduinoHelmet1,1479,0.360,-0.300,28,-0.9
Sat Mar 12 11:31:27 2016,ArduinoHelmet1,1480,0.340,-0.230,27,-0.7
Sat Mar 12 11:31:28 2016,ArduinoHelmet1,1481,0.340,-0.200,27,-0.6
Sat Mar 12 11:31:29 2016,ArduinoHelmet1,1482,0.340,-0.310,27,-1.0
Sat Mar 12 11:31:30 2016,ArduinoHelmet1,1483,0.340,-0.280,27,-0.9
Sat Mar 12 11:31:31 2016,ArduinoHelmet1,1484,0.340,-0.250,27,-0.8
Sat Mar 12 11:31:32 2016,ArduinoHelmet1,1485,0.340,-0.270,27,-0.8
Sat Mar 12 11:31:33 2016,ArduinoHelmet1,1486,0.340,-0.310,27,-1.0
Sat Mar 12 11:31:34 2016,ArduinoHelmet1,1487,0.340,-0.200,27,-0.6
Sat Mar 12 11:31:35 2016,ArduinoHelmet1,1488,0.340,-0.190,27,-0.6
Sat Mar 12 11:31:37 2016,ArduinoHelmet1,1489,0.340,-0.170,27,-0.5
Sat Mar 12 11:31:38 2016,ArduinoHelmet1,1490,0.340,-0.140,27,-0.4
Sat Mar 12 11:31:39 2016,ArduinoHelmet1,1491,0.340,-0.190,27,-0.6
Sat Mar 12 11:31:40 2016,ArduinoHelmet1,1492,0.340,-0.220,27,-0.7
Sat Mar 12 11:31:41 2016,ArduinoHelmet1,1493,0.340,-0.190,27,-0.6
Sat Mar 12 11:31:42 2016,ArduinoHelmet1,1494,0.330,-0.220,27,-0.7
Sat Mar 12 11:31:43 2016,ArduinoHelmet1,1495,0.330,-0.190,27,-0.6
Sat Mar 12 11:31:44 2016,ArduinoHelmet1,1496,0.330,-0.270,27,-0.8
Sat Mar 12 11:31:45 2016,ArduinoHelmet1,1497,0.330,-0.370,27,-1.2
Sat Mar 12 11:31:46 2016,ArduinoHelmet1,1498,0.310,-0.250,26,-0.8
Sat Mar 12 11:31:47 2016,ArduinoHelmet1,1499,0.330,-0.270,27,-0.8
Sat Mar 12 11:31:48 2016,ArduinoHelmet1,1500,0.310,-0.220,26,-0.7
Sat Mar 12 11:31:49 2016,ArduinoHelmet1,1501,0.330,-0.230,27,-0.7
Sat Mar 12 11:31:50 2016,ArduinoHelmet1,1502,0.310,-0.200,26,-0.6
Sat Mar 12 11:31:51 2016,ArduinoHelmet1,1503,0.310,-0.250,26,-0.8
Sat Mar 12 11:31:52 2016,ArduinoHelmet1,1504,0.310,-0.330,26,-1.0
Sat Mar 12 11:31:53 2016,ArduinoHelmet1,1505,0.300,-0.230,26,-0.7
Sat Mar 12 11:31:54 2016,ArduinoHelmet1,1506,0.310,-0.300,26,-0.9
Sat Mar 12 11:31:55 2016,ArduinoHelmet1,1507,0.300,-0.340,26,-1.1
Sat Mar 12 11:31:56 2016,ArduinoHelmet1,1508,0.300,-0.310,26,-1.0
Sat Mar 12 11:31:57 2016,ArduinoHelmet1,1509,0.300,-0.310,26,-1.0
Sat Mar 12 11:31:58 2016,ArduinoHelmet1,1510,0.300,-0.310,26,-1.0
Sat Mar 12 11:31:59 2016,ArduinoHelmet1,1511,0.300,-0.230,26,-0.7
Sat Mar 12 11:32:00 2016,ArduinoHelmet1,1512,0.300,-0.230,26,-0.7
Sat Mar 12 11:32:01 2016,ArduinoHelmet1,1513,0.300,-0.170,26,-0.5
Sat Mar 12 11:32:02 2016,ArduinoHelmet1,1514,0.300,-0.190,26,-0.6
Sat Mar 12 11:32:03 2016,ArduinoHelmet1,1515,0.280,-0.230,26,-0.7
Sat Mar 12 11:32:04 2016,ArduinoHelmet1,1516,0.300,-0.250,26,-0.8
Sat Mar 12 11:32:05 2016,ArduinoHelmet1,1517,0.300,-0.280,26,-0.9
Sat Mar 12 11:32:06 2016,ArduinoHelmet1,1518,0.300,-0.270,26,-0.8
Sat Mar 12 11:32:07 2016,ArduinoHelmet1,1519,0.300,-0.300,26,-0.9
Sat Mar 12 11:32:08 2016,ArduinoHelmet1,1520,0.280,-0.230,26,-0.7
Sat Mar 12 11:32:09 2016,ArduinoHelmet1,1521,0.280,-0.300,26,-0.9
Sat Mar 12 11:32:10 2016,ArduinoHelmet1,1522,0.280,-0.360,26,-1.1
Sat Mar 12 11:32:11 2016,ArduinoHelmet1,1523,0.280,-0.190,26,-0.6
Sat Mar 12 11:32:12 2016,ArduinoHelmet1,1524,0.280,-0.220,26,-0.7
Sat Mar 12 11:32:13 2016,ArduinoHelmet1,1525,0.280,-0.300,26,-0.9
Sat Mar 12 11:32:14 2016,ArduinoHelmet1,1526,0.270,-0.230,25,-0.7
Sat Mar 12 11:32:15 2016,ArduinoHelmet1,1527,0.270,-0.190,25,-0.6
Sat Mar 12 11:32:17 2016,ArduinoHelmet1,1528,0.270,-0.170,25,-0.5
Sat Mar 12 11:32:18 2016,ArduinoHelmet1,1529,0.270,-0.120,25,-0.3
Sat Mar 12 11:32:19 2016,ArduinoHelmet1,1530,0.280,-0.200,26,-0.6
Sat Mar 12 11:32:20 2016,ArduinoHelmet1,1531,0.270,-0.250,25,-0.8
Sat Mar 12 11:32:21 2016,ArduinoHelmet1,1532,0.250,-0.230,25,-0.7
Sat Mar 12 11:32:22 2016,ArduinoHelmet1,1533,0.250,-0.200,25,-0.6
Sat Mar 12 11:32:23 2016,ArduinoHelmet1,1534,0.250,-0.190,25,-0.6
Sat Mar 12 11:32:24 2016,ArduinoHelmet1,1535,0.250,-0.270,25,-0.8
Sat Mar 12 11:32:25 2016,ArduinoHelmet1,1536,0.250,-0.300,25,-0.9
Sat Mar 12 11:32:26 2016,ArduinoHelmet1,1537,0.250,-0.270,25,-0.8
Sat Mar 12 11:32:27 2016,ArduinoHelmet1,1538,0.250,-0.230,25,-0.7
Sat Mar 12 11:32:28 2016,ArduinoHelmet1,1539,0.250,-0.250,25,-0.8
Sat Mar 12 11:32:29 2016,ArduinoHelmet1,1540,0.250,-0.200,25,-0.6
Sat Mar 12 11:32:30 2016,ArduinoHelmet1,1541,0.250,-0.220,25,-0.7
Sat Mar 12 11:32:31 2016,ArduinoHelmet1,1542,0.250,-0.200,25,-0.6
Sat Mar 12 11:32:32 2016,ArduinoHelmet1,1543,0.230,-0.230,24,-0.7
Sat Mar 12 11:32:33 2016,ArduinoHelmet1,1544,0.230,-0.160,24,-0.5
Sat Mar 12 11:32:34 2016,ArduinoHelmet1,1545,0.230,-0.230,24,-0.7
Sat Mar 12 11:32:35 2016,ArduinoHelmet1,1546,0.230,-0.280,24,-0.9
Sat Mar 12 11:32:36 2016,ArduinoHelmet1,1547,0.230,-0.230,24,-0.7
Sat Mar 12 11:32:37 2016,ArduinoHelmet1,1548,0.230,-0.280,24,-0.9
Sat Mar 12 11:32:38 2016,ArduinoHelmet1,1549,0.230,-0.310,24,-1.0
Sat Mar 12 11:32:39 2016,ArduinoHelmet1,1550,0.230,-0.330,24,-1.0
Sat Mar 12 11:32:40 2016,ArduinoHelmet1,1551,0.230,-0.270,24,-0.8
Sat Mar 12 11:32:41 2016,ArduinoHelmet1,1552,0.220,-0.230,24,-0.7
Sat Mar 12 11:32:42 2016,ArduinoHelmet1,1553,0.230,-0.190,24,-0.6
Sat Mar 12 11:32:43 2016,ArduinoHelmet1,1554,0.230,-0.200,24,-0.6
Sat Mar 12 11:32:44 2016,ArduinoHelmet1,1555,0.220,-0.170,24,-0.5
Sat Mar 12 11:32:45 2016,ArduinoHelmet1,1556,0.220,-0.230,24,-0.7
Sat Mar 12 11:32:46 2016,ArduinoHelmet1,1557,0.230,-0.200,24,-0.6
Sat Mar 12 11:32:47 2016,ArduinoHelmet1,1558,0.220,-0.230,24,-0.7
Sat Mar 12 11:32:48 2016,ArduinoHelmet1,1559,0.220,-0.170,24,-0.5
Sat Mar 12 11:32:49 2016,ArduinoHelmet1,1560,0.230,-0.220,24,-0.7
Sat Mar 12 11:32:50 2016,ArduinoHelmet1,1561,0.220,-0.450,24,-1.4
Sat Mar 12 11:32:51 2016,ArduinoHelmet1,1562,0.220,-0.230,24,-0.7
Sat Mar 12 11:32:52 2016,ArduinoHelmet1,1563,0.220,-0.250,24,-0.8
Sat Mar 12 11:32:53 2016,ArduinoHelmet1,1564,0.200,-0.310,24,-1.0
Sat Mar 12 11:32:54 2016,ArduinoHelmet1,1565,0.220,-0.300,24,-0.9
Sat Mar 12 11:32:55 2016,ArduinoHelmet1,1566,0.190,-0.220,23,-0.7
Sat Mar 12 11:32:56 2016,ArduinoHelmet1,1567,0.190,-0.160,23,-0.5
Sat Mar 12 11:32:57 2016,ArduinoHelmet1,1568,0.200,-0.190,24,-0.6
Sat Mar 12 11:32:58 2016,ArduinoHelmet1,1569,0.200,-0.140,24,-0.4
Sat Mar 12 11:32:59 2016,ArduinoHelmet1,1570,0.200,-0.220,24,-0.7
Sat Mar 12 11:33:00 2016,ArduinoHelmet1,1571,0.200,-0.170,24,-0.5
Sat Mar 12 11:33:01 2016,ArduinoHelmet1,1572,0.200,-0.190,24,-0.6
Sat Mar 12 11:33:02 2016,ArduinoHelmet1,1573,0.200,-0.220,24,-0.7
Sat Mar 12 11:33:03 2016,ArduinoHelmet1,1574,0.190,-0.140,23,-0.4
Sat Mar 12 11:33:04 2016,ArduinoHelmet1,1575,0.200,-0.220,24,-0.7
Sat Mar 12 11:33:05 2016,ArduinoHelmet1,1576,0.200,-0.250,24,-0.8
Sat Mar 12 11:33:07 2016,ArduinoHelmet1,1577,0.200,-0.230,24,-0.7
Sat Mar 12 11:33:08 2016,ArduinoHelmet1,1578,0.200,-0.160,24,-0.5
Sat Mar 12 11:33:08 2016,ArduinoHelmet1,1579,0.190,-0.140,23,-0.4
Sat Mar 12 11:33:10 2016,ArduinoHelmet1,1580,0.190,-0.140,23,-0.4
Sat Mar 12 11:33:11 2016,ArduinoHelmet1,1581,0.200,-0.140,24,-0.4
Sat Mar 12 11:33:12 2016,ArduinoHelmet1,1582,0.190,-0.160,23,-0.5
Sat Mar 12 11:33:13 2016,ArduinoHelmet1,1583,0.200,-0.300,24,-0.9
Sat Mar 12 11:33:14 2016,ArduinoHelmet1,1584,0.190,-0.250,23,-0.8
Sat Mar 12 11:33:15 2016,ArduinoHelmet1,1585,0.200,-0.250,24,-0.8
Sat Mar 12 11:33:16 2016,ArduinoHelmet1,1586,0.200,-0.200,24,-0.6
Sat Mar 12 11:33:17 2016,ArduinoHelmet1,1587,0.200,-0.280,24,-0.9
Sat Mar 12 11:33:18 2016,ArduinoHelmet1,1588,0.200,-0.270,24,-0.8
Sat Mar 12 11:33:19 2016,ArduinoHelmet1,1589,0.200,-0.220,24,-0.7
Sat Mar 12 11:33:20 2016,ArduinoHelmet1,1590,0.220,-0.190,24,-0.6
Sat Mar 12 11:33:21 2016,ArduinoHelmet1,1591,0.200,-0.160,24,-0.5
Sat Mar 12 11:33:22 2016,ArduinoHelmet1,1592,0.200,-0.170,24,-0.5
Sat Mar 12 11:33:23 2016,ArduinoHelmet1,1593,0.220,-0.140,24,-0.4
Sat Mar 12 11:33:24 2016,ArduinoHelmet1,1594,0.220,-0.190,24,-0.6
Sat Mar 12 11:33:25 2016,ArduinoHelmet1,1595,0.220,-0.220,24,-0.7
Sat Mar 12 11:33:26 2016,ArduinoHelmet1,1596,0.220,-0.160,24,-0.5
Sat Mar 12 11:33:27 2016,ArduinoHelmet1,1597,0.220,-0.160,24,-0.5
Sat Mar 12 11:33:28 2016,ArduinoHelmet1,1598,0.220,-0.200,24,-0.6
Sat Mar 12 11:33:29 2016,ArduinoHelmet1,1599,0.220,-0.160,24,-0.5
Sat Mar 12 11:33:30 2016,ArduinoHelmet1,1600,0.220,-0.140,24,-0.4
Sat Mar 12 11:33:31 2016,ArduinoHelmet1,1601,0.200,-0.140,24,-0.4
Sat Mar 12 11:33:32 2016,ArduinoHelmet1,1602,0.220,-0.120,24,-0.3
Sat Mar 12 11:33:33 2016,ArduinoHelmet1,1603,0.200,-0.140,24,-0.4
Sat Mar 12 11:33:34 2016,ArduinoHelmet1,1604,0.220,-0.140,24,-0.4
Sat Mar 12 11:33:35 2016,ArduinoHelmet1,1605,0.220,-0.090,24,-0.2
Sat Mar 12 11:33:36 2016,ArduinoHelmet1,1606,0.220,-0.080,24,-0.2
Sat Mar 12 11:33:37 2016,ArduinoHelmet1,1607,0.220,-0.120,24,-0.3
Sat Mar 12 11:33:38 2016,ArduinoHelmet1,1608,0.220,-0.160,24,-0.5
Sat Mar 12 11:33:39 2016,ArduinoHelmet1,1609,0.220,-0.170,24,-0.5
Sat Mar 12 11:33:40 2016,ArduinoHelmet1,1610,0.220,-0.170,24,-0.5
Sat Mar 12 11:33:41 2016,ArduinoHelmet1,1611,0.220,-0.140,24,-0.4
Sat Mar 12 11:33:42 2016,ArduinoHelmet1,1612,0.220,-0.090,24,-0.2
Sat Mar 12 11:33:43 2016,ArduinoHelmet1,1613,0.220,-0.090,24,-0.2
Sat Mar 12 11:33:44 2016,ArduinoHelmet1,1614,0.230,-0.090,24,-0.2
Sat Mar 12 11:33:45 2016,ArduinoHelmet1,1615,0.230,-0.120,24,-0.3
Sat Mar 12 11:33:46 2016,ArduinoHelmet1,1616,0.230,-0.160,24,-0.5
Sat Mar 12 11:33:47 2016,ArduinoHelmet1,1617,0.230,-0.200,24,-0.6
